timestamp,device_id,temp_1,temp_2,vib_x,vib_y,vib_z,fault_label
2024-01-01 00:00:00,device_001,45.15,45.96,0.1365,0.1452,0.1277,正常
2024-01-01 00:01:00,device_001,44.93,46.47,0.1377,0.1253,0.1354,正常
2024-01-01 00:02:00,device_001,44.86,45.86,0.1324,0.1109,0.1128,正常
2024-01-01 00:03:00,device_001,44.83,45.7,0.1331,0.1209,0.1159,正常
2024-01-01 00:04:00,device_001,45.44,45.93,0.1307,0.1158,0.1246,正常
2024-01-01 00:05:00,device_001,45.03,45.65,0.1338,0.124,0.1271,正常
2024-01-01 00:06:00,device_001,44.82,46.56,0.1299,0.1194,0.1382,正常
2024-01-01 00:07:00,device_001,44.63,46.06,0.1104,0.1167,0.132,正常
2024-01-01 00:08:00,device_001,45.22,46.05,0.1288,0.127,0.1152,正常
2024-01-01 00:09:00,device_001,44.78,45.86,0.1406,0.1334,0.1124,正常
2024-01-01 00:10:00,device_001,45.1,45.88,0.1232,0.1361,0.1403,正常
2024-01-01 00:11:00,device_001,45.28,45.75,0.1269,0.1333,0.1398,正常
2024-01-01 00:12:00,device_001,44.86,45.94,0.1189,0.118,0.1381,正常
2024-01-01 00:13:00,device_001,45.41,45.98,0.14,0.1336,0.1235,正常
2024-01-01 00:14:00,device_001,45.11,46.46,0.1296,0.1456,0.1038,正常
2024-01-01 00:15:00,device_001,45.25,46.03,0.127,0.1309,0.1101,正常
2024-01-01 00:16:00,device_001,44.93,46.11,0.1448,0.1248,0.1219,正常
2024-01-01 00:17:00,device_001,44.85,46.27,0.1333,0.1247,0.1351,正常
2024-01-01 00:18:00,device_001,45.03,46.29,0.123,0.1267,0.1261,正常
2024-01-01 00:19:00,device_001,44.56,46.09,0.1326,0.1301,0.1277,正常
2024-01-01 00:20:00,device_001,44.58,45.87,0.1266,0.122,0.1284,正常
2024-01-01 00:21:00,device_001,45.12,46.57,0.1317,0.1326,0.1293,正常
2024-01-01 00:22:00,device_001,44.42,45.99,0.1306,0.1546,0.1281,正常
2024-01-01 00:23:00,device_001,45.09,45.99,0.1183,0.1414,0.1375,正常
2024-01-01 00:24:00,device_001,45.24,45.73,0.144,0.116,0.1359,正常
2024-01-01 00:25:00,device_001,45.66,45.7,0.1243,0.131,0.125,正常
2024-01-01 00:26:00,device_001,44.53,46.02,0.1194,0.1347,0.1208,正常
2024-01-01 00:27:00,device_001,45.46,45.77,0.1268,0.1381,0.1177,正常
2024-01-01 00:28:00,device_001,45.07,46.39,0.1139,0.1318,0.1326,正常
2024-01-01 00:29:00,device_001,45.23,45.63,0.1168,0.1352,0.133,正常
2024-01-01 00:30:00,device_001,45.08,46.1,0.1232,0.1323,0.1329,正常
2024-01-01 00:31:00,device_001,44.79,46.56,0.1347,0.1181,0.1366,正常
2024-01-01 00:32:00,device_001,44.71,46.24,0.1416,0.1218,0.1396,正常
2024-01-01 00:33:00,device_001,45.12,46.25,0.149,0.1275,0.1225,正常
2024-01-01 00:34:00,device_001,44.73,45.76,0.1292,0.1334,0.1328,正常
2024-01-01 00:35:00,device_001,45.25,46.0,0.1445,0.1274,0.1572,正常
2024-01-01 00:36:00,device_001,45.19,45.74,0.1193,0.1348,0.1278,正常
2024-01-01 00:37:00,device_001,45.21,46.14,0.1293,0.1215,0.1149,正常
2024-01-01 00:38:00,device_001,44.87,46.26,0.1321,0.1175,0.1317,正常
2024-01-01 00:39:00,device_001,45.12,45.73,0.1315,0.1306,0.1186,正常
2024-01-01 00:40:00,device_001,45.11,46.17,0.1408,0.1405,0.1162,正常
2024-01-01 00:41:00,device_001,44.72,46.15,0.1351,0.1352,0.1685,正常
2024-01-01 00:42:00,device_001,45.17,46.34,0.1395,0.1365,0.1268,正常
2024-01-01 00:43:00,device_001,45.23,45.77,0.1276,0.1251,0.1308,正常
2024-01-01 00:44:00,device_001,45.69,45.44,0.1369,0.1139,0.1253,正常
2024-01-01 00:45:00,device_001,45.33,46.02,0.1192,0.1228,0.1368,正常
2024-01-01 00:46:00,device_001,44.78,46.06,0.1305,0.1235,0.1514,正常
2024-01-01 00:47:00,device_001,45.19,45.39,0.1319,0.1234,0.1385,正常
2024-01-01 00:48:00,device_001,44.76,45.97,0.135,0.1387,0.118,正常
2024-01-01 00:49:00,device_001,44.9,45.86,0.1235,0.1477,0.134,正常
2024-01-01 00:50:00,device_001,44.62,46.28,0.1512,0.1403,0.1148,正常
2024-01-01 00:51:00,device_001,44.85,46.38,0.1229,0.1344,0.1377,正常
2024-01-01 00:52:00,device_001,44.72,45.98,0.0976,0.1198,0.1275,正常
2024-01-01 00:53:00,device_001,44.63,46.49,0.1157,0.1256,0.1313,正常
2024-01-01 00:54:00,device_001,45.43,45.57,0.1416,0.1301,0.1202,正常
2024-01-01 00:55:00,device_001,45.14,46.06,0.124,0.1307,0.1261,正常
2024-01-01 00:56:00,device_001,45.03,46.2,0.1459,0.1176,0.1513,正常
2024-01-01 00:57:00,device_001,44.41,45.95,0.1359,0.1328,0.1238,正常
2024-01-01 00:58:00,device_001,44.94,45.85,0.1241,0.1385,0.1336,正常
2024-01-01 00:59:00,device_001,44.79,46.27,0.1331,0.1381,0.1363,正常
2024-01-01 01:00:00,device_001,44.75,45.83,0.1375,0.1361,0.1298,正常
2024-01-01 01:01:00,device_001,45.04,46.38,0.1241,0.1355,0.128,正常
2024-01-01 01:02:00,device_001,44.93,46.33,0.1383,0.1381,0.1431,正常
2024-01-01 01:03:00,device_001,45.01,46.2,0.1269,0.1332,0.1287,正常
2024-01-01 01:04:00,device_001,45.03,46.18,0.1218,0.1509,0.1199,正常
2024-01-01 01:05:00,device_001,44.64,46.35,0.1379,0.1362,0.1363,正常
2024-01-01 01:06:00,device_001,45.0,45.73,0.1308,0.1232,0.1398,正常
2024-01-01 01:07:00,device_001,44.96,45.75,0.1268,0.1341,0.1244,正常
2024-01-01 01:08:00,device_001,44.75,46.07,0.1324,0.1249,0.1253,正常
2024-01-01 01:09:00,device_001,45.07,45.57,0.1159,0.1228,0.1279,正常
2024-01-01 01:10:00,device_001,45.09,46.44,0.1386,0.1284,0.1298,正常
2024-01-01 01:11:00,device_001,44.7,45.99,0.1271,0.1332,0.1217,正常
2024-01-01 01:12:00,device_001,45.16,46.46,0.1289,0.134,0.1369,正常
2024-01-01 01:13:00,device_001,44.88,46.07,0.1301,0.131,0.1223,正常
2024-01-01 01:14:00,device_001,45.01,46.15,0.1445,0.1396,0.1515,正常
2024-01-01 01:15:00,device_001,44.77,46.26,0.1318,0.1519,0.1219,正常
2024-01-01 01:16:00,device_001,44.75,45.82,0.1088,0.1247,0.1224,正常
2024-01-01 01:17:00,device_001,45.05,46.1,0.1488,0.1395,0.1242,正常
2024-01-01 01:18:00,device_001,44.73,46.15,0.1168,0.1483,0.1418,正常
2024-01-01 01:19:00,device_001,44.86,45.49,0.1435,0.1289,0.1424,正常
2024-01-01 01:20:00,device_001,44.52,45.82,0.1301,0.1305,0.1255,正常
2024-01-01 01:21:00,device_001,45.19,45.68,0.1286,0.1312,0.1351,正常
2024-01-01 01:22:00,device_001,45.21,45.66,0.1147,0.1428,0.1333,正常
2024-01-01 01:23:00,device_001,44.78,46.47,0.1312,0.1418,0.1307,正常
2024-01-01 01:24:00,device_001,45.62,46.53,0.1275,0.1397,0.1365,正常
2024-01-01 01:25:00,device_001,45.41,45.71,0.1369,0.1406,0.1124,正常
2024-01-01 01:26:00,device_001,44.65,45.39,0.1273,0.1372,0.145,正常
2024-01-01 01:27:00,device_001,45.02,46.49,0.1162,0.113,0.1294,正常
2024-01-01 01:28:00,device_001,45.12,45.99,0.1093,0.1291,0.117,正常
2024-01-01 01:29:00,device_001,45.2,46.11,0.1206,0.1249,0.1194,正常
2024-01-01 01:30:00,device_001,44.98,46.29,0.1201,0.135,0.1247,正常
2024-01-01 01:31:00,device_001,44.76,45.97,0.1196,0.1245,0.118,正常
2024-01-01 01:32:00,device_001,45.59,46.01,0.123,0.1321,0.1289,正常
2024-01-01 01:33:00,device_001,44.93,46.18,0.1376,0.1247,0.1242,正常
2024-01-01 01:34:00,device_001,44.92,45.31,0.1148,0.1437,0.1464,正常
2024-01-01 01:35:00,device_001,44.93,46.17,0.1331,0.1608,0.1412,正常
2024-01-01 01:36:00,device_001,44.96,45.71,0.1139,0.132,0.1224,正常
2024-01-01 01:37:00,device_001,44.57,45.81,0.1192,0.1469,0.1388,正常
2024-01-01 01:38:00,device_001,45.0,46.44,0.1308,0.1214,0.1452,正常
2024-01-01 01:39:00,device_001,45.16,45.69,0.1281,0.1212,0.1162,正常
2024-01-01 01:40:00,device_001,45.28,46.57,0.116,0.1356,0.1235,正常
2024-01-01 01:41:00,device_001,44.85,45.82,0.1214,0.1305,0.1217,正常
2024-01-01 01:42:00,device_001,45.08,45.98,0.1276,0.1209,0.1242,正常
2024-01-01 01:43:00,device_001,45.23,46.15,0.1202,0.131,0.1375,正常
2024-01-01 01:44:00,device_001,44.5,46.16,0.1234,0.1357,0.1224,正常
2024-01-01 01:45:00,device_001,44.46,45.51,0.1305,0.1326,0.121,正常
2024-01-01 01:46:00,device_001,45.19,45.5,0.1293,0.1179,0.1235,正常
2024-01-01 01:47:00,device_001,45.01,45.74,0.1262,0.1401,0.1242,正常
2024-01-01 01:48:00,device_001,45.25,45.66,0.1353,0.1444,0.1053,正常
2024-01-01 01:49:00,device_001,44.76,46.17,0.128,0.1337,0.124,正常
2024-01-01 01:50:00,device_001,45.03,45.95,0.1417,0.1325,0.1334,正常
2024-01-01 01:51:00,device_001,44.88,45.85,0.1257,0.1339,0.1258,正常
2024-01-01 01:52:00,device_001,45.09,46.62,0.1387,0.1267,0.142,正常
2024-01-01 01:53:00,device_001,44.88,45.39,0.1199,0.1113,0.1265,正常
2024-01-01 01:54:00,device_001,45.01,46.5,0.1333,0.1278,0.1383,正常
2024-01-01 01:55:00,device_001,44.34,46.07,0.1377,0.1152,0.1414,正常
2024-01-01 01:56:00,device_001,45.1,45.88,0.1363,0.1527,0.1318,正常
2024-01-01 01:57:00,device_001,45.07,45.86,0.1215,0.1383,0.1214,正常
2024-01-01 01:58:00,device_001,45.02,45.86,0.1348,0.1333,0.1404,正常
2024-01-01 01:59:00,device_001,44.85,45.92,0.1202,0.1256,0.1338,正常
2024-01-01 02:00:00,device_001,45.23,45.72,0.1387,0.1436,0.1341,正常
2024-01-01 02:01:00,device_001,45.56,45.77,0.1176,0.1122,0.145,正常
2024-01-01 02:02:00,device_001,45.2,45.98,0.1328,0.1187,0.1545,正常
2024-01-01 02:03:00,device_001,45.04,46.03,0.1373,0.1348,0.1322,正常
2024-01-01 02:04:00,device_001,44.76,46.14,0.1488,0.1435,0.1459,正常
2024-01-01 02:05:00,device_001,44.85,45.7,0.1287,0.1306,0.1409,正常
2024-01-01 02:06:00,device_001,44.49,46.46,0.1284,0.1257,0.1199,正常
2024-01-01 02:07:00,device_001,44.5,46.25,0.1307,0.1171,0.117,正常
2024-01-01 02:08:00,device_001,44.9,46.5,0.1274,0.115,0.1275,正常
2024-01-01 02:09:00,device_001,44.92,45.19,0.1295,0.1277,0.137,正常
2024-01-01 02:10:00,device_001,45.55,46.34,0.1273,0.1189,0.1557,正常
2024-01-01 02:11:00,device_001,45.02,46.0,0.1298,0.132,0.1286,正常
2024-01-01 02:12:00,device_001,44.83,45.84,0.1297,0.1246,0.1229,正常
2024-01-01 02:13:00,device_001,45.03,45.92,0.145,0.1035,0.1409,正常
2024-01-01 02:14:00,device_001,45.37,45.38,0.1266,0.1263,0.1159,正常
2024-01-01 02:15:00,device_001,44.77,45.67,0.1475,0.1394,0.1427,正常
2024-01-01 02:16:00,device_001,45.22,45.66,0.1248,0.1349,0.1178,正常
2024-01-01 02:17:00,device_001,45.21,45.93,0.1263,0.1371,0.1344,正常
2024-01-01 02:18:00,device_001,44.89,46.35,0.1192,0.1362,0.1359,正常
2024-01-01 02:19:00,device_001,44.91,46.1,0.1175,0.1392,0.1282,正常
2024-01-01 02:20:00,device_001,44.84,46.31,0.123,0.1159,0.1144,正常
2024-01-01 02:21:00,device_001,45.18,45.62,0.1475,0.1092,0.147,正常
2024-01-01 02:22:00,device_001,45.06,45.97,0.1246,0.134,0.1296,正常
2024-01-01 02:23:00,device_001,45.33,46.03,0.1315,0.1264,0.1294,正常
2024-01-01 02:24:00,device_001,45.09,45.49,0.1165,0.1374,0.1317,正常
2024-01-01 02:25:00,device_001,44.94,46.01,0.1335,0.1246,0.1222,正常
2024-01-01 02:26:00,device_001,45.06,45.71,0.1341,0.113,0.1403,正常
2024-01-01 02:27:00,device_001,45.14,46.08,0.1398,0.1467,0.1401,正常
2024-01-01 02:28:00,device_001,44.45,45.62,0.1238,0.1303,0.1352,正常
2024-01-01 02:29:00,device_001,44.78,46.06,0.1224,0.1239,0.1159,正常
2024-01-01 02:30:00,device_001,44.72,45.59,0.1202,0.1405,0.1205,正常
2024-01-01 02:31:00,device_001,45.79,46.15,0.1318,0.1214,0.137,正常
2024-01-01 02:32:00,device_001,44.83,46.04,0.1556,0.129,0.1415,正常
2024-01-01 02:33:00,device_001,44.79,45.99,0.1477,0.1237,0.1481,正常
2024-01-01 02:34:00,device_001,45.21,45.83,0.1363,0.1397,0.1362,正常
2024-01-01 02:35:00,device_001,44.53,45.78,0.1275,0.1293,0.1362,正常
2024-01-01 02:36:00,device_001,45.05,45.6,0.1338,0.1361,0.1356,正常
2024-01-01 02:37:00,device_001,45.32,46.25,0.1346,0.1293,0.1134,正常
2024-01-01 02:38:00,device_001,45.13,46.06,0.1327,0.1172,0.1192,正常
2024-01-01 02:39:00,device_001,45.32,45.99,0.1368,0.1303,0.1303,正常
2024-01-01 02:40:00,device_001,45.28,45.85,0.131,0.1254,0.1257,正常
2024-01-01 02:41:00,device_001,44.91,46.07,0.1252,0.1426,0.1211,正常
2024-01-01 02:42:00,device_001,44.94,45.87,0.1445,0.132,0.1403,正常
2024-01-01 02:43:00,device_001,44.55,46.08,0.1389,0.1308,0.1407,正常
2024-01-01 02:44:00,device_001,44.84,46.42,0.153,0.1264,0.1255,正常
2024-01-01 02:45:00,device_001,45.44,46.47,0.1248,0.1258,0.1272,正常
2024-01-01 02:46:00,device_001,44.6,45.72,0.12,0.1223,0.1297,正常
2024-01-01 02:47:00,device_001,45.07,46.47,0.12,0.1398,0.1279,正常
2024-01-01 02:48:00,device_001,44.99,46.2,0.1188,0.1338,0.1317,正常
2024-01-01 02:49:00,device_001,45.15,46.09,0.1546,0.1236,0.1247,正常
2024-01-01 02:50:00,device_001,44.81,45.83,0.1236,0.1419,0.1442,正常
2024-01-01 02:51:00,device_001,44.83,45.75,0.1347,0.1245,0.1363,正常
2024-01-01 02:52:00,device_001,45.06,45.55,0.1455,0.148,0.1239,正常
2024-01-01 02:53:00,device_001,44.88,46.09,0.1333,0.1366,0.1501,正常
2024-01-01 02:54:00,device_001,44.95,45.76,0.1162,0.1227,0.1297,正常
2024-01-01 02:55:00,device_001,45.54,45.84,0.1322,0.1298,0.1419,正常
2024-01-01 02:56:00,device_001,45.76,45.84,0.1251,0.1404,0.1368,正常
2024-01-01 02:57:00,device_001,45.55,46.18,0.1264,0.1359,0.1411,正常
2024-01-01 02:58:00,device_001,45.25,46.15,0.1407,0.1417,0.1438,正常
2024-01-01 02:59:00,device_001,45.19,45.95,0.1315,0.1421,0.1218,正常
2024-01-01 03:00:00,device_001,45.11,45.88,0.1303,0.1428,0.1319,正常
2024-01-01 03:01:00,device_001,45.01,45.59,0.1375,0.1365,0.1516,正常
2024-01-01 03:02:00,device_001,44.91,46.07,0.1325,0.1458,0.129,正常
2024-01-01 03:03:00,device_001,45.08,46.18,0.1319,0.1255,0.1319,正常
2024-01-01 03:04:00,device_001,45.32,45.69,0.1313,0.123,0.142,正常
2024-01-01 03:05:00,device_001,44.54,45.83,0.1338,0.1457,0.1293,正常
2024-01-01 03:06:00,device_001,44.83,46.56,0.1155,0.108,0.1344,正常
2024-01-01 03:07:00,device_001,44.85,45.69,0.1371,0.1324,0.1244,正常
2024-01-01 03:08:00,device_001,44.62,46.26,0.1365,0.129,0.1485,正常
2024-01-01 03:09:00,device_001,44.68,45.54,0.1231,0.1295,0.1324,正常
2024-01-01 03:10:00,device_001,44.93,46.11,0.1175,0.1444,0.1292,正常
2024-01-01 03:11:00,device_001,45.34,46.1,0.1346,0.1357,0.1345,正常
2024-01-01 03:12:00,device_001,45.19,46.4,0.132,0.1371,0.1291,正常
2024-01-01 03:13:00,device_001,45.43,45.8,0.148,0.1296,0.1157,正常
2024-01-01 03:14:00,device_001,45.04,45.8,0.1384,0.1235,0.1255,正常
2024-01-01 03:15:00,device_001,44.43,45.86,0.1058,0.1142,0.1376,正常
2024-01-01 03:16:00,device_001,45.24,46.13,0.1203,0.1295,0.13,正常
2024-01-01 03:17:00,device_001,44.65,46.45,0.1388,0.1278,0.1303,正常
2024-01-01 03:18:00,device_001,45.06,45.39,0.1275,0.1232,0.12,正常
2024-01-01 03:19:00,device_001,44.92,46.54,0.1364,0.1243,0.1357,正常
2024-01-01 03:20:00,device_001,45.42,46.28,0.1306,0.1235,0.137,正常
2024-01-01 03:21:00,device_001,45.12,46.27,0.1364,0.1405,0.1246,正常
2024-01-01 03:22:00,device_001,45.4,46.06,0.1508,0.1231,0.1474,正常
2024-01-01 03:23:00,device_001,45.06,45.8,0.1252,0.1268,0.1342,正常
2024-01-01 03:24:00,device_001,45.16,45.83,0.1298,0.1514,0.1473,正常
2024-01-01 03:25:00,device_001,45.13,46.01,0.1312,0.1361,0.1198,正常
2024-01-01 03:26:00,device_001,44.92,45.5,0.134,0.1365,0.1252,正常
2024-01-01 03:27:00,device_001,45.47,45.63,0.1154,0.1322,0.1405,正常
2024-01-01 03:28:00,device_001,45.51,45.86,0.1408,0.1296,0.1283,正常
2024-01-01 03:29:00,device_001,45.27,46.2,0.1142,0.1448,0.1438,正常
2024-01-01 03:30:00,device_001,44.81,46.12,0.1349,0.1326,0.1245,正常
2024-01-01 03:31:00,device_001,44.8,45.99,0.1417,0.1354,0.1263,正常
2024-01-01 03:32:00,device_001,45.23,45.15,0.1415,0.1126,0.1264,正常
2024-01-01 03:33:00,device_001,44.66,45.61,0.1416,0.1253,0.1335,正常
2024-01-01 03:34:00,device_001,44.99,46.14,0.1308,0.1172,0.14,正常
2024-01-01 03:35:00,device_001,44.85,45.53,0.1257,0.145,0.1385,正常
2024-01-01 03:36:00,device_001,44.9,45.9,0.1268,0.1508,0.1338,正常
2024-01-01 03:37:00,device_001,45.13,46.31,0.1324,0.1274,0.128,正常
2024-01-01 03:38:00,device_001,44.98,45.99,0.1373,0.1305,0.1373,正常
2024-01-01 03:39:00,device_001,44.98,46.02,0.11,0.1392,0.1335,正常
2024-01-01 03:40:00,device_001,45.3,45.13,0.1509,0.1286,0.1411,正常
2024-01-01 03:41:00,device_001,44.69,46.18,0.1195,0.1238,0.1491,正常
2024-01-01 03:42:00,device_001,44.94,46.07,0.1387,0.135,0.1315,正常
2024-01-01 03:43:00,device_001,45.11,46.72,0.1294,0.132,0.1405,正常
2024-01-01 03:44:00,device_001,45.33,46.36,0.1364,0.1186,0.1463,正常
2024-01-01 03:45:00,device_001,44.66,46.09,0.1225,0.1294,0.1333,正常
2024-01-01 03:46:00,device_001,45.1,46.13,0.1461,0.1345,0.1276,正常
2024-01-01 03:47:00,device_001,45.29,46.36,0.1177,0.136,0.137,正常
2024-01-01 03:48:00,device_001,44.91,46.41,0.1285,0.1313,0.1283,正常
2024-01-01 03:49:00,device_001,45.0,45.67,0.1156,0.1459,0.1215,正常
2024-01-01 03:50:00,device_001,44.7,45.35,0.1236,0.1168,0.1464,正常
2024-01-01 03:51:00,device_001,45.3,45.79,0.1525,0.1398,0.1268,正常
2024-01-01 03:52:00,device_001,44.25,46.69,0.1161,0.1135,0.1402,正常
2024-01-01 03:53:00,device_001,45.73,46.42,0.1356,0.1359,0.1385,正常
2024-01-01 03:54:00,device_001,45.23,46.08,0.131,0.1294,0.1225,正常
2024-01-01 03:55:00,device_001,44.92,45.49,0.129,0.1201,0.119,正常
2024-01-01 03:56:00,device_001,45.05,46.42,0.1392,0.1143,0.1201,正常
2024-01-01 03:57:00,device_001,45.28,45.71,0.1278,0.1355,0.1203,正常
2024-01-01 03:58:00,device_001,45.03,45.6,0.124,0.1332,0.1141,正常
2024-01-01 03:59:00,device_001,45.13,45.99,0.1355,0.1322,0.1436,正常
2024-01-01 04:00:00,device_001,45.04,45.87,0.1312,0.1354,0.1305,正常
2024-01-01 04:01:00,device_001,45.01,45.79,0.1234,0.116,0.1475,正常
2024-01-01 04:02:00,device_001,44.63,45.79,0.1228,0.1389,0.1271,正常
2024-01-01 04:03:00,device_001,45.37,45.8,0.1328,0.1216,0.1515,正常
2024-01-01 04:04:00,device_001,44.64,46.09,0.1363,0.1341,0.1281,正常
2024-01-01 04:05:00,device_001,44.96,46.01,0.1285,0.1396,0.1521,正常
2024-01-01 04:06:00,device_001,44.83,45.59,0.1291,0.1558,0.122,正常
2024-01-01 04:07:00,device_001,45.49,46.5,0.1245,0.1357,0.1463,正常
2024-01-01 04:08:00,device_001,44.89,45.94,0.1242,0.1199,0.1235,正常
2024-01-01 04:09:00,device_001,44.63,46.01,0.1223,0.1323,0.1144,正常
2024-01-01 04:10:00,device_001,45.1,46.25,0.1101,0.1337,0.1423,正常
2024-01-01 04:11:00,device_001,44.64,46.5,0.1342,0.1229,0.1294,正常
2024-01-01 04:12:00,device_001,45.17,46.02,0.1354,0.1208,0.1317,正常
2024-01-01 04:13:00,device_001,44.58,45.97,0.121,0.1226,0.1424,正常
2024-01-01 04:14:00,device_001,45.33,46.18,0.1191,0.1268,0.1421,正常
2024-01-01 04:15:00,device_001,45.04,46.7,0.1339,0.1319,0.1269,正常
2024-01-01 04:16:00,device_001,45.04,45.95,0.1371,0.1396,0.1221,正常
2024-01-01 04:17:00,device_001,44.6,45.45,0.1351,0.119,0.1085,正常
2024-01-01 04:18:00,device_001,45.12,46.75,0.1299,0.1384,0.1308,正常
2024-01-01 04:19:00,device_001,44.97,46.28,0.1271,0.1327,0.1332,正常
2024-01-01 04:20:00,device_001,44.8,46.3,0.1283,0.1224,0.1354,正常
2024-01-01 04:21:00,device_001,44.73,46.01,0.1299,0.1409,0.1347,正常
2024-01-01 04:22:00,device_001,44.99,46.25,0.1439,0.1356,0.1301,正常
2024-01-01 04:23:00,device_001,44.61,45.68,0.1269,0.1239,0.1281,正常
2024-01-01 04:24:00,device_001,45.02,46.16,0.1293,0.1349,0.1306,正常
2024-01-01 04:25:00,device_001,44.41,45.72,0.1286,0.1179,0.136,正常
2024-01-01 04:26:00,device_001,45.46,46.37,0.1279,0.1449,0.1315,正常
2024-01-01 04:27:00,device_001,44.9,45.82,0.127,0.1261,0.1317,正常
2024-01-01 04:28:00,device_001,45.05,46.0,0.1344,0.1419,0.1395,正常
2024-01-01 04:29:00,device_001,44.55,45.23,0.1393,0.1163,0.1278,正常
2024-01-01 04:30:00,device_001,44.65,45.46,0.1354,0.1376,0.1242,正常
2024-01-01 04:31:00,device_001,44.22,45.84,0.1339,0.1152,0.1318,正常
2024-01-01 04:32:00,device_001,45.0,46.17,0.1312,0.1203,0.142,正常
2024-01-01 04:33:00,device_001,44.95,45.99,0.1207,0.1256,0.1212,正常
2024-01-01 04:34:00,device_001,44.95,46.51,0.1163,0.1139,0.1447,正常
2024-01-01 04:35:00,device_001,44.94,45.8,0.1404,0.1239,0.1483,正常
2024-01-01 04:36:00,device_001,45.2,45.85,0.1516,0.1239,0.1374,正常
2024-01-01 04:37:00,device_001,45.09,46.39,0.1456,0.1303,0.1225,正常
2024-01-01 04:38:00,device_001,45.14,45.8,0.1501,0.1314,0.1263,正常
2024-01-01 04:39:00,device_001,45.06,45.6,0.1203,0.142,0.1234,正常
2024-01-01 04:40:00,device_001,44.69,46.16,0.1419,0.1372,0.14,正常
2024-01-01 04:41:00,device_001,44.77,45.57,0.145,0.1268,0.1275,正常
2024-01-01 04:42:00,device_001,45.4,46.17,0.1346,0.1517,0.1236,正常
2024-01-01 04:43:00,device_001,45.28,46.02,0.1327,0.1453,0.1351,正常
2024-01-01 04:44:00,device_001,45.16,46.32,0.1264,0.1216,0.1196,正常
2024-01-01 04:45:00,device_001,44.41,46.62,0.119,0.1278,0.1272,正常
2024-01-01 04:46:00,device_001,45.09,46.24,0.1386,0.1242,0.1283,正常
2024-01-01 04:47:00,device_001,45.08,45.93,0.1461,0.1349,0.1373,正常
2024-01-01 04:48:00,device_001,45.2,46.35,0.1318,0.117,0.134,正常
2024-01-01 04:49:00,device_001,44.8,45.84,0.1359,0.1424,0.1302,正常
2024-01-01 04:50:00,device_001,45.09,46.51,0.1324,0.156,0.1357,正常
2024-01-01 04:51:00,device_001,44.47,46.23,0.1338,0.1429,0.1367,正常
2024-01-01 04:52:00,device_001,44.96,45.63,0.1279,0.1215,0.1242,正常
2024-01-01 04:53:00,device_001,45.18,46.5,0.1339,0.118,0.1344,正常
2024-01-01 04:54:00,device_001,45.36,45.82,0.1287,0.1301,0.1222,正常
2024-01-01 04:55:00,device_001,45.19,45.96,0.1342,0.1211,0.1256,正常
2024-01-01 04:56:00,device_001,45.22,45.89,0.1473,0.126,0.1322,正常
2024-01-01 04:57:00,device_001,45.28,45.57,0.1124,0.1147,0.1426,正常
2024-01-01 04:58:00,device_001,44.83,46.77,0.1244,0.1318,0.1454,正常
2024-01-01 04:59:00,device_001,45.6,46.62,0.1421,0.1402,0.1359,正常
2024-01-01 05:00:00,device_001,45.23,45.83,0.1218,0.13,0.1283,正常
2024-01-01 05:01:00,device_001,44.86,46.21,0.1396,0.1309,0.1448,正常
2024-01-01 05:02:00,device_001,44.66,45.94,0.1228,0.1113,0.1292,正常
2024-01-01 05:03:00,device_001,44.96,46.45,0.1363,0.1198,0.1485,正常
2024-01-01 05:04:00,device_001,45.37,46.17,0.1277,0.1204,0.1263,正常
2024-01-01 05:05:00,device_001,45.33,46.57,0.1454,0.1251,0.1188,正常
2024-01-01 05:06:00,device_001,45.04,45.47,0.1332,0.1285,0.1253,正常
2024-01-01 05:07:00,device_001,44.52,46.15,0.1247,0.1183,0.1013,正常
2024-01-01 05:08:00,device_001,44.99,46.53,0.1466,0.1254,0.124,正常
2024-01-01 05:09:00,device_001,45.14,45.7,0.133,0.1377,0.1423,正常
2024-01-01 05:10:00,device_001,44.97,45.94,0.1212,0.1217,0.1277,正常
2024-01-01 05:11:00,device_001,45.11,46.27,0.122,0.1449,0.1273,正常
2024-01-01 05:12:00,device_001,44.99,45.78,0.1058,0.1388,0.1374,正常
2024-01-01 05:13:00,device_001,44.92,46.02,0.1352,0.1144,0.1247,正常
2024-01-01 05:14:00,device_001,45.24,45.62,0.1329,0.1164,0.1347,正常
2024-01-01 05:15:00,device_001,44.99,45.52,0.1416,0.1227,0.1219,正常
2024-01-01 05:16:00,device_001,45.06,46.34,0.1198,0.1306,0.1343,正常
2024-01-01 05:17:00,device_001,45.21,46.05,0.1263,0.1217,0.1309,正常
2024-01-01 05:18:00,device_001,44.68,45.12,0.1344,0.139,0.1064,正常
2024-01-01 05:19:00,device_001,44.7,46.19,0.1506,0.1302,0.1227,正常
2024-01-01 05:20:00,device_001,44.95,46.41,0.1235,0.122,0.1252,正常
2024-01-01 05:21:00,device_001,44.71,46.04,0.1462,0.1332,0.1275,正常
2024-01-01 05:22:00,device_001,44.91,45.53,0.1388,0.1292,0.1282,正常
2024-01-01 05:23:00,device_001,45.96,46.09,0.1225,0.1257,0.1415,正常
2024-01-01 05:24:00,device_001,45.03,45.57,0.1392,0.1233,0.1487,正常
2024-01-01 05:25:00,device_001,45.32,45.87,0.1428,0.1307,0.1385,正常
2024-01-01 05:26:00,device_001,45.15,45.75,0.1236,0.1403,0.1267,正常
2024-01-01 05:27:00,device_001,44.88,45.71,0.1342,0.1506,0.1193,正常
2024-01-01 05:28:00,device_001,45.01,46.42,0.1292,0.1345,0.1194,正常
2024-01-01 05:29:00,device_001,45.13,45.94,0.1399,0.1419,0.1559,正常
2024-01-01 05:30:00,device_001,45.17,46.1,0.1319,0.1265,0.1334,正常
2024-01-01 05:31:00,device_001,44.91,46.05,0.1432,0.1199,0.1414,正常
2024-01-01 05:32:00,device_001,45.4,45.96,0.1088,0.1239,0.143,正常
2024-01-01 05:33:00,device_001,44.99,45.7,0.125,0.1384,0.1355,正常
2024-01-01 05:34:00,device_001,44.93,45.89,0.1261,0.1208,0.1462,正常
2024-01-01 05:35:00,device_001,44.9,46.37,0.1452,0.14,0.1257,正常
2024-01-01 05:36:00,device_001,45.12,45.99,0.121,0.1332,0.1182,正常
2024-01-01 05:37:00,device_001,45.36,45.86,0.132,0.1328,0.1274,正常
2024-01-01 05:38:00,device_001,45.18,45.86,0.1387,0.1165,0.1313,正常
2024-01-01 05:39:00,device_001,45.58,45.7,0.1232,0.1351,0.1318,正常
2024-01-01 05:40:00,device_001,45.11,46.15,0.1363,0.1411,0.1341,正常
2024-01-01 05:41:00,device_001,44.93,46.2,0.149,0.1287,0.1203,正常
2024-01-01 05:42:00,device_001,45.33,45.96,0.1083,0.1385,0.1246,正常
2024-01-01 05:43:00,device_001,44.97,46.1,0.1319,0.1371,0.1256,正常
2024-01-01 05:44:00,device_001,45.15,45.92,0.1374,0.1362,0.1206,正常
2024-01-01 05:45:00,device_001,45.33,45.84,0.1381,0.1337,0.1484,正常
2024-01-01 05:46:00,device_001,44.93,45.9,0.1298,0.127,0.138,正常
2024-01-01 05:47:00,device_001,44.52,45.68,0.1193,0.1395,0.1471,正常
2024-01-01 05:48:00,device_001,44.97,45.95,0.1307,0.1416,0.1207,正常
2024-01-01 05:49:00,device_001,45.07,46.29,0.135,0.1319,0.14,正常
2024-01-01 05:50:00,device_001,44.19,46.2,0.1235,0.1117,0.1351,正常
2024-01-01 05:51:00,device_001,45.41,45.96,0.1395,0.1461,0.1431,正常
2024-01-01 05:52:00,device_001,45.49,46.22,0.1308,0.114,0.1275,正常
2024-01-01 05:53:00,device_001,44.75,46.65,0.1282,0.1312,0.1355,正常
2024-01-01 05:54:00,device_001,45.01,46.51,0.1238,0.1319,0.1226,正常
2024-01-01 05:55:00,device_001,44.6,45.82,0.1296,0.1257,0.1231,正常
2024-01-01 05:56:00,device_001,44.58,45.98,0.115,0.1376,0.1308,正常
2024-01-01 05:57:00,device_001,44.56,45.91,0.1225,0.1332,0.1434,正常
2024-01-01 05:58:00,device_001,44.44,46.03,0.1284,0.1367,0.1321,正常
2024-01-01 05:59:00,device_001,44.77,45.9,0.122,0.1408,0.1302,正常
2024-01-01 06:00:00,device_001,45.57,45.98,0.1229,0.1149,0.112,正常
2024-01-01 06:01:00,device_001,44.52,46.08,0.1351,0.1142,0.139,正常
2024-01-01 06:02:00,device_001,44.86,46.04,0.1461,0.139,0.1273,正常
2024-01-01 06:03:00,device_001,44.73,45.35,0.1228,0.1279,0.1201,正常
2024-01-01 06:04:00,device_001,44.96,46.02,0.1278,0.1235,0.1317,正常
2024-01-01 06:05:00,device_001,45.13,45.67,0.1441,0.129,0.1302,正常
2024-01-01 06:06:00,device_001,45.21,46.07,0.1395,0.1329,0.1239,正常
2024-01-01 06:07:00,device_001,45.11,45.66,0.1311,0.1297,0.1279,正常
2024-01-01 06:08:00,device_001,44.96,45.44,0.1245,0.1309,0.1316,正常
2024-01-01 06:09:00,device_001,44.69,46.38,0.1213,0.1397,0.1343,正常
2024-01-01 06:10:00,device_001,44.81,46.53,0.1181,0.1392,0.14,正常
2024-01-01 06:11:00,device_001,44.8,46.42,0.1275,0.1329,0.1326,正常
2024-01-01 06:12:00,device_001,44.96,46.24,0.1379,0.1125,0.143,正常
2024-01-01 06:13:00,device_001,44.5,46.31,0.1413,0.1191,0.1259,正常
2024-01-01 06:14:00,device_001,44.67,45.94,0.1269,0.1378,0.1431,正常
2024-01-01 06:15:00,device_001,45.42,45.83,0.1279,0.1132,0.1219,正常
2024-01-01 06:16:00,device_001,45.29,46.48,0.1177,0.1241,0.1297,正常
2024-01-01 06:17:00,device_001,45.08,45.76,0.1342,0.1253,0.1299,正常
2024-01-01 06:18:00,device_001,45.16,46.0,0.1256,0.1289,0.1291,正常
2024-01-01 06:19:00,device_001,44.89,45.92,0.146,0.1356,0.127,正常
2024-01-01 06:20:00,device_001,45.21,45.9,0.1417,0.1337,0.1289,正常
2024-01-01 06:21:00,device_001,45.13,45.53,0.1187,0.1181,0.1314,正常
2024-01-01 06:22:00,device_001,45.52,46.67,0.1364,0.135,0.112,正常
2024-01-01 06:23:00,device_001,44.84,45.76,0.1238,0.1283,0.1253,正常
2024-01-01 06:24:00,device_001,44.41,46.22,0.1193,0.1324,0.1507,正常
2024-01-01 06:25:00,device_001,44.72,45.24,0.1271,0.141,0.1496,正常
2024-01-01 06:26:00,device_001,44.63,46.15,0.1253,0.1289,0.1564,正常
2024-01-01 06:27:00,device_001,44.55,46.08,0.1347,0.1409,0.131,正常
2024-01-01 06:28:00,device_001,45.09,45.88,0.1327,0.1266,0.1362,正常
2024-01-01 06:29:00,device_001,44.89,46.11,0.1297,0.1413,0.1295,正常
2024-01-01 06:30:00,device_001,44.47,46.38,0.1209,0.1235,0.124,正常
2024-01-01 06:31:00,device_001,45.41,45.36,0.1614,0.1406,0.1322,正常
2024-01-01 06:32:00,device_001,44.98,46.09,0.1352,0.1365,0.1356,正常
2024-01-01 06:33:00,device_001,45.03,45.94,0.1285,0.1281,0.1413,正常
2024-01-01 06:34:00,device_001,45.18,45.12,0.1366,0.1319,0.1298,正常
2024-01-01 06:35:00,device_001,44.88,46.34,0.1395,0.1223,0.1341,正常
2024-01-01 06:36:00,device_001,44.71,45.59,0.1237,0.1386,0.1395,正常
2024-01-01 06:37:00,device_001,45.15,46.22,0.1352,0.1236,0.1343,正常
2024-01-01 06:38:00,device_001,45.24,46.23,0.1419,0.1371,0.1335,正常
2024-01-01 06:39:00,device_001,45.32,45.99,0.1212,0.1284,0.1226,正常
2024-01-01 06:40:00,device_001,47.73,48.94,0.2262,0.2408,0.1932,轴承故障
2024-01-01 06:41:00,device_001,48.1,49.01,0.2255,0.2698,0.2781,轴承故障
2024-01-01 06:42:00,device_001,47.38,48.71,0.2269,0.2218,0.2749,轴承故障
2024-01-01 06:43:00,device_001,47.95,48.92,0.1899,0.2691,0.2128,轴承故障
2024-01-01 06:44:00,device_001,48.06,49.15,0.2908,0.2107,0.1594,轴承故障
2024-01-01 06:45:00,device_001,48.12,49.77,0.2872,0.2563,0.2353,轴承故障
2024-01-01 06:46:00,device_001,48.38,48.67,0.2643,0.2652,0.2818,轴承故障
2024-01-01 06:47:00,device_001,49.17,49.23,0.2347,0.2492,0.1969,轴承故障
2024-01-01 06:48:00,device_001,47.8,48.92,0.2343,0.2546,0.2253,轴承故障
2024-01-01 06:49:00,device_001,48.54,49.09,0.2497,0.2402,0.2547,轴承故障
2024-01-01 06:50:00,device_001,48.43,48.75,0.2303,0.2409,0.2096,轴承故障
2024-01-01 06:51:00,device_001,47.78,48.92,0.2762,0.2579,0.2558,轴承故障
2024-01-01 06:52:00,device_001,48.46,49.07,0.2617,0.2469,0.258,轴承故障
2024-01-01 06:53:00,device_001,47.9,48.15,0.246,0.2927,0.2778,轴承故障
2024-01-01 06:54:00,device_001,48.53,49.63,0.2527,0.2559,0.2315,轴承故障
2024-01-01 06:55:00,device_001,48.02,49.4,0.2861,0.2458,0.2365,轴承故障
2024-01-01 06:56:00,device_001,48.16,49.4,0.2067,0.1811,0.2335,轴承故障
2024-01-01 06:57:00,device_001,47.68,48.97,0.2456,0.2364,0.2936,轴承故障
2024-01-01 06:58:00,device_001,48.31,49.3,0.2687,0.2158,0.2812,轴承故障
2024-01-01 06:59:00,device_001,48.16,49.46,0.2178,0.2034,0.2745,轴承故障
2024-01-01 07:00:00,device_001,48.35,48.84,0.2239,0.2838,0.2143,轴承故障
2024-01-01 07:01:00,device_001,48.87,48.85,0.2692,0.2401,0.2681,轴承故障
2024-01-01 07:02:00,device_001,48.0,49.15,0.2512,0.2199,0.2722,轴承故障
2024-01-01 07:03:00,device_001,48.02,49.14,0.2202,0.1731,0.2443,轴承故障
2024-01-01 07:04:00,device_001,49.21,49.55,0.2494,0.2421,0.2507,轴承故障
2024-01-01 07:05:00,device_001,48.47,48.78,0.2834,0.2715,0.2715,轴承故障
2024-01-01 07:06:00,device_001,48.44,49.27,0.2702,0.2678,0.2394,轴承故障
2024-01-01 07:07:00,device_001,48.04,49.31,0.2965,0.2128,0.206,轴承故障
2024-01-01 07:08:00,device_001,48.35,49.3,0.2552,0.2573,0.2433,轴承故障
2024-01-01 07:09:00,device_001,48.89,48.65,0.2251,0.2469,0.2007,轴承故障
2024-01-01 07:10:00,device_001,48.23,49.96,0.2506,0.2569,0.2122,轴承故障
2024-01-01 07:11:00,device_001,48.06,49.16,0.2405,0.2884,0.2667,轴承故障
2024-01-01 07:12:00,device_001,47.88,49.42,0.2649,0.2842,0.2974,轴承故障
2024-01-01 07:13:00,device_001,47.92,49.01,0.2123,0.243,0.264,轴承故障
2024-01-01 07:14:00,device_001,48.73,49.31,0.2404,0.2546,0.2249,轴承故障
2024-01-01 07:15:00,device_001,49.19,48.71,0.2555,0.3107,0.2502,轴承故障
2024-01-01 07:16:00,device_001,48.28,49.22,0.2446,0.2912,0.1836,轴承故障
2024-01-01 07:17:00,device_001,48.98,48.8,0.242,0.2371,0.2677,轴承故障
2024-01-01 07:18:00,device_001,47.74,49.56,0.3107,0.2091,0.2557,轴承故障
2024-01-01 07:19:00,device_001,48.13,49.56,0.2506,0.2308,0.2646,轴承故障
2024-01-01 07:20:00,device_001,49.12,49.32,0.2716,0.2112,0.2213,轴承故障
2024-01-01 07:21:00,device_001,48.6,50.0,0.2607,0.2406,0.25,轴承故障
2024-01-01 07:22:00,device_001,47.92,49.66,0.2765,0.2364,0.2359,轴承故障
2024-01-01 07:23:00,device_001,48.54,49.26,0.248,0.313,0.2426,轴承故障
2024-01-01 07:24:00,device_001,48.3,49.18,0.2723,0.2446,0.2305,轴承故障
2024-01-01 07:25:00,device_001,48.98,50.02,0.232,0.194,0.2802,轴承故障
2024-01-01 07:26:00,device_001,48.19,49.78,0.1909,0.2768,0.2137,轴承故障
2024-01-01 07:27:00,device_001,48.76,49.48,0.2214,0.2378,0.2706,轴承故障
2024-01-01 07:28:00,device_001,48.52,49.71,0.3093,0.2031,0.2985,轴承故障
2024-01-01 07:29:00,device_001,48.53,49.13,0.2101,0.2443,0.2776,轴承故障
2024-01-01 07:30:00,device_001,48.45,50.1,0.2065,0.2496,0.2124,轴承故障
2024-01-01 07:31:00,device_001,48.66,49.86,0.2374,0.1719,0.256,轴承故障
2024-01-01 07:32:00,device_001,48.69,49.68,0.2871,0.2179,0.2704,轴承故障
2024-01-01 07:33:00,device_001,49.01,48.82,0.2596,0.2349,0.2476,轴承故障
2024-01-01 07:34:00,device_001,48.68,49.35,0.2297,0.251,0.2174,轴承故障
2024-01-01 07:35:00,device_001,48.12,49.82,0.2155,0.27,0.2639,轴承故障
2024-01-01 07:36:00,device_001,47.87,49.29,0.2858,0.2206,0.2361,轴承故障
2024-01-01 07:37:00,device_001,48.75,49.88,0.2425,0.2321,0.2927,轴承故障
2024-01-01 07:38:00,device_001,49.28,49.97,0.2526,0.2258,0.2251,轴承故障
2024-01-01 07:39:00,device_001,48.8,49.76,0.292,0.2695,0.2049,轴承故障
2024-01-01 07:40:00,device_001,49.02,49.2,0.2385,0.2575,0.3099,轴承故障
2024-01-01 07:41:00,device_001,49.85,49.85,0.2445,0.266,0.2766,轴承故障
2024-01-01 07:42:00,device_001,48.49,50.34,0.2569,0.2649,0.27,轴承故障
2024-01-01 07:43:00,device_001,48.8,49.97,0.2315,0.2333,0.217,轴承故障
2024-01-01 07:44:00,device_001,48.82,49.95,0.2637,0.3002,0.2498,轴承故障
2024-01-01 07:45:00,device_001,48.92,49.21,0.2384,0.2709,0.2755,轴承故障
2024-01-01 07:46:00,device_001,48.54,49.63,0.2045,0.2393,0.2767,轴承故障
2024-01-01 07:47:00,device_001,48.9,49.87,0.2515,0.2502,0.2302,轴承故障
2024-01-01 07:48:00,device_001,48.96,49.85,0.2648,0.2342,0.1854,轴承故障
2024-01-01 07:49:00,device_001,49.13,49.5,0.2241,0.2708,0.2382,轴承故障
2024-01-01 07:50:00,device_001,49.12,49.95,0.2705,0.209,0.2864,轴承故障
2024-01-01 07:51:00,device_001,48.81,49.56,0.2543,0.1967,0.2623,轴承故障
2024-01-01 07:52:00,device_001,48.31,49.18,0.2043,0.2834,0.2311,轴承故障
2024-01-01 07:53:00,device_001,49.34,49.52,0.1988,0.2165,0.2871,轴承故障
2024-01-01 07:54:00,device_001,48.68,49.52,0.2548,0.2651,0.2835,轴承故障
2024-01-01 07:55:00,device_001,49.33,49.61,0.2102,0.2376,0.2578,轴承故障
2024-01-01 07:56:00,device_001,48.37,49.38,0.2603,0.2485,0.251,轴承故障
2024-01-01 07:57:00,device_001,48.47,49.68,0.2223,0.2767,0.2811,轴承故障
2024-01-01 07:58:00,device_001,48.04,49.41,0.2051,0.2305,0.2475,轴承故障
2024-01-01 07:59:00,device_001,48.21,49.42,0.2199,0.2562,0.2521,轴承故障
2024-01-01 08:00:00,device_001,48.51,49.87,0.2336,0.2419,0.3002,轴承故障
2024-01-01 08:01:00,device_001,49.35,49.29,0.2749,0.2743,0.2156,轴承故障
2024-01-01 08:02:00,device_001,49.15,50.44,0.2163,0.2225,0.2805,轴承故障
2024-01-01 08:03:00,device_001,48.94,50.05,0.2602,0.2617,0.2102,轴承故障
2024-01-01 08:04:00,device_001,49.26,50.31,0.2431,0.2487,0.2041,轴承故障
2024-01-01 08:05:00,device_001,49.06,50.08,0.2481,0.2837,0.24,轴承故障
2024-01-01 08:06:00,device_001,49.09,49.45,0.2493,0.2448,0.2568,轴承故障
2024-01-01 08:07:00,device_001,48.72,49.82,0.2748,0.2369,0.2018,轴承故障
2024-01-01 08:08:00,device_001,49.58,50.43,0.2112,0.2707,0.2349,轴承故障
2024-01-01 08:09:00,device_001,49.0,50.01,0.243,0.2265,0.2293,轴承故障
2024-01-01 08:10:00,device_001,48.53,49.57,0.248,0.2285,0.2705,轴承故障
2024-01-01 08:11:00,device_001,49.5,49.68,0.2572,0.265,0.2642,轴承故障
2024-01-01 08:12:00,device_001,48.95,50.22,0.2645,0.2129,0.2761,轴承故障
2024-01-01 08:13:00,device_001,49.28,49.62,0.2511,0.2705,0.2437,轴承故障
2024-01-01 08:14:00,device_001,49.37,50.89,0.2264,0.2086,0.2591,轴承故障
2024-01-01 08:15:00,device_001,49.24,49.86,0.2936,0.2098,0.2708,轴承故障
2024-01-01 08:16:00,device_001,48.72,50.65,0.3098,0.227,0.2335,轴承故障
2024-01-01 08:17:00,device_001,49.31,49.82,0.2486,0.2508,0.1924,轴承故障
2024-01-01 08:18:00,device_001,48.97,49.7,0.2352,0.2933,0.2123,轴承故障
2024-01-01 08:19:00,device_001,49.32,49.88,0.2416,0.2737,0.2602,轴承故障
2024-01-01 08:20:00,device_001,49.23,50.39,0.2401,0.2316,0.2174,轴承故障
2024-01-01 08:21:00,device_001,48.68,51.19,0.2873,0.2095,0.2103,轴承故障
2024-01-01 08:22:00,device_001,49.21,50.24,0.2665,0.2424,0.2462,轴承故障
2024-01-01 08:23:00,device_001,49.16,50.06,0.1834,0.2431,0.2245,轴承故障
2024-01-01 08:24:00,device_001,49.11,51.23,0.261,0.2406,0.2777,轴承故障
2024-01-01 08:25:00,device_001,49.24,50.22,0.2682,0.3117,0.2161,轴承故障
2024-01-01 08:26:00,device_001,49.25,49.69,0.2667,0.2224,0.2375,轴承故障
2024-01-01 08:27:00,device_001,48.95,50.46,0.2776,0.2126,0.2516,轴承故障
2024-01-01 08:28:00,device_001,48.8,49.58,0.2435,0.2407,0.3228,轴承故障
2024-01-01 08:29:00,device_001,49.26,49.54,0.2331,0.2806,0.3127,轴承故障
2024-01-01 08:30:00,device_001,48.47,49.35,0.3061,0.2617,0.224,轴承故障
2024-01-01 08:31:00,device_001,49.32,49.06,0.2501,0.2598,0.2777,轴承故障
2024-01-01 08:32:00,device_001,48.71,50.15,0.2222,0.2577,0.2231,轴承故障
2024-01-01 08:33:00,device_001,48.97,49.73,0.2695,0.2758,0.243,轴承故障
2024-01-01 08:34:00,device_001,49.16,49.56,0.241,0.2485,0.3286,轴承故障
2024-01-01 08:35:00,device_001,48.71,50.74,0.2799,0.2584,0.3028,轴承故障
2024-01-01 08:36:00,device_001,49.31,50.32,0.2484,0.2867,0.2829,轴承故障
2024-01-01 08:37:00,device_001,48.92,49.64,0.2439,0.226,0.2481,轴承故障
2024-01-01 08:38:00,device_001,49.67,50.0,0.2487,0.2517,0.2755,轴承故障
2024-01-01 08:39:00,device_001,48.29,49.95,0.2563,0.286,0.2352,轴承故障
2024-01-01 08:40:00,device_001,48.45,50.45,0.2309,0.2143,0.2313,轴承故障
2024-01-01 08:41:00,device_001,49.14,49.97,0.1838,0.2769,0.2882,轴承故障
2024-01-01 08:42:00,device_001,49.48,49.76,0.244,0.2498,0.268,轴承故障
2024-01-01 08:43:00,device_001,49.5,49.94,0.2525,0.2637,0.2937,轴承故障
2024-01-01 08:44:00,device_001,49.52,50.56,0.2525,0.2923,0.2623,轴承故障
2024-01-01 08:45:00,device_001,48.91,50.81,0.2709,0.2367,0.2356,轴承故障
2024-01-01 08:46:00,device_001,49.38,50.45,0.2559,0.2593,0.301,轴承故障
2024-01-01 08:47:00,device_001,49.7,50.35,0.2782,0.219,0.2619,轴承故障
2024-01-01 08:48:00,device_001,50.0,50.19,0.2246,0.2304,0.2173,轴承故障
2024-01-01 08:49:00,device_001,48.98,50.14,0.2078,0.2505,0.2771,轴承故障
2024-01-01 08:50:00,device_001,48.94,50.91,0.2653,0.2809,0.2303,轴承故障
2024-01-01 08:51:00,device_001,49.65,49.87,0.2767,0.2552,0.2666,轴承故障
2024-01-01 08:52:00,device_001,48.85,49.96,0.2679,0.2215,0.2639,轴承故障
2024-01-01 08:53:00,device_001,48.78,50.67,0.213,0.2666,0.2688,轴承故障
2024-01-01 08:54:00,device_001,49.06,50.57,0.2578,0.2338,0.2197,轴承故障
2024-01-01 08:55:00,device_001,48.56,50.49,0.2031,0.2529,0.2421,轴承故障
2024-01-01 08:56:00,device_001,49.63,50.24,0.2401,0.272,0.2601,轴承故障
2024-01-01 08:57:00,device_001,49.5,50.56,0.2039,0.2727,0.2684,轴承故障
2024-01-01 08:58:00,device_001,48.97,50.28,0.2488,0.246,0.26,轴承故障
2024-01-01 08:59:00,device_001,49.96,50.82,0.2106,0.2687,0.2899,轴承故障
2024-01-01 09:00:00,device_001,49.55,50.84,0.3104,0.2807,0.2575,轴承故障
2024-01-01 09:01:00,device_001,49.83,50.47,0.2507,0.2395,0.2969,轴承故障
2024-01-01 09:02:00,device_001,49.09,51.03,0.265,0.208,0.261,轴承故障
2024-01-01 09:03:00,device_001,48.59,50.68,0.2766,0.2322,0.2537,轴承故障
2024-01-01 09:04:00,device_001,50.22,50.24,0.2182,0.2944,0.3089,轴承故障
2024-01-01 09:05:00,device_001,49.45,50.85,0.2902,0.2277,0.2354,轴承故障
2024-01-01 09:06:00,device_001,49.95,51.13,0.2669,0.2236,0.3096,轴承故障
2024-01-01 09:07:00,device_001,49.26,50.34,0.2603,0.2966,0.2756,轴承故障
2024-01-01 09:08:00,device_001,49.65,50.67,0.2513,0.2667,0.1741,轴承故障
2024-01-01 09:09:00,device_001,49.37,50.59,0.2155,0.2616,0.2439,轴承故障
2024-01-01 09:10:00,device_001,50.2,51.13,0.236,0.2455,0.2478,轴承故障
2024-01-01 09:11:00,device_001,49.33,50.59,0.2273,0.2161,0.2687,轴承故障
2024-01-01 09:12:00,device_001,49.77,50.2,0.2769,0.2311,0.2576,轴承故障
2024-01-01 09:13:00,device_001,49.86,50.52,0.2636,0.2345,0.2441,轴承故障
2024-01-01 09:14:00,device_001,49.46,50.24,0.2447,0.2035,0.2353,轴承故障
2024-01-01 09:15:00,device_001,49.44,50.45,0.2428,0.2481,0.2644,轴承故障
2024-01-01 09:16:00,device_001,49.91,50.3,0.2139,0.2187,0.2354,轴承故障
2024-01-01 09:17:00,device_001,49.43,50.26,0.2111,0.2363,0.2554,轴承故障
2024-01-01 09:18:00,device_001,49.82,50.36,0.2376,0.2222,0.2491,轴承故障
2024-01-01 09:19:00,device_001,49.25,50.82,0.1964,0.2392,0.259,轴承故障
2024-01-01 09:20:00,device_001,49.67,51.68,0.2605,0.2199,0.2471,轴承故障
2024-01-01 09:21:00,device_001,48.9,50.58,0.225,0.2775,0.2335,轴承故障
2024-01-01 09:22:00,device_001,49.57,50.37,0.3022,0.2404,0.305,轴承故障
2024-01-01 09:23:00,device_001,49.96,50.82,0.2611,0.2618,0.1922,轴承故障
2024-01-01 09:24:00,device_001,49.53,50.98,0.2485,0.2078,0.2484,轴承故障
2024-01-01 09:25:00,device_001,50.33,51.15,0.2481,0.2785,0.239,轴承故障
2024-01-01 09:26:00,device_001,48.98,50.29,0.2969,0.2418,0.2427,轴承故障
2024-01-01 09:27:00,device_001,49.55,51.43,0.2988,0.3166,0.2452,轴承故障
2024-01-01 09:28:00,device_001,49.8,50.07,0.2943,0.215,0.2565,轴承故障
2024-01-01 09:29:00,device_001,49.25,50.45,0.2249,0.2318,0.2338,轴承故障
2024-01-01 09:30:00,device_001,49.48,51.03,0.2169,0.2566,0.2865,轴承故障
2024-01-01 09:31:00,device_001,49.5,50.42,0.2431,0.2854,0.2558,轴承故障
2024-01-01 09:32:00,device_001,49.51,50.91,0.2169,0.2704,0.2623,轴承故障
2024-01-01 09:33:00,device_001,49.61,50.39,0.2234,0.266,0.2869,轴承故障
2024-01-01 09:34:00,device_001,49.49,50.92,0.1874,0.2325,0.2491,轴承故障
2024-01-01 09:35:00,device_001,49.39,50.38,0.23,0.2588,0.2444,轴承故障
2024-01-01 09:36:00,device_001,48.86,49.91,0.2318,0.2637,0.1676,轴承故障
2024-01-01 09:37:00,device_001,49.57,50.56,0.2917,0.2384,0.2615,轴承故障
2024-01-01 09:38:00,device_001,49.84,49.93,0.273,0.2565,0.2652,轴承故障
2024-01-01 09:39:00,device_001,51.36,49.96,0.3017,0.2414,0.2586,轴承故障
2024-01-01 09:40:00,device_001,49.78,50.63,0.2329,0.2599,0.2045,轴承故障
2024-01-01 09:41:00,device_001,50.11,50.64,0.2161,0.2365,0.2877,轴承故障
2024-01-01 09:42:00,device_001,49.61,50.96,0.2281,0.2727,0.2706,轴承故障
2024-01-01 09:43:00,device_001,50.57,50.76,0.2701,0.2529,0.2889,轴承故障
2024-01-01 09:44:00,device_001,49.55,51.14,0.2442,0.2481,0.2528,轴承故障
2024-01-01 09:45:00,device_001,49.95,50.8,0.2564,0.2973,0.2796,轴承故障
2024-01-01 09:46:00,device_001,50.21,50.68,0.2233,0.2787,0.2763,轴承故障
2024-01-01 09:47:00,device_001,50.46,50.63,0.2431,0.2008,0.2382,轴承故障
2024-01-01 09:48:00,device_001,50.28,50.69,0.2692,0.2443,0.2597,轴承故障
2024-01-01 09:49:00,device_001,49.43,50.92,0.1603,0.2444,0.2011,轴承故障
2024-01-01 09:50:00,device_001,50.38,51.21,0.264,0.2956,0.2215,轴承故障
2024-01-01 09:51:00,device_001,50.61,51.28,0.2429,0.2841,0.2168,轴承故障
2024-01-01 09:52:00,device_001,49.59,50.68,0.2341,0.2183,0.2867,轴承故障
2024-01-01 09:53:00,device_001,49.83,51.07,0.2329,0.1954,0.2581,轴承故障
2024-01-01 09:54:00,device_001,49.18,50.91,0.209,0.3096,0.2773,轴承故障
2024-01-01 09:55:00,device_001,49.99,51.46,0.2246,0.2663,0.256,轴承故障
2024-01-01 09:56:00,device_001,50.07,51.47,0.272,0.2587,0.2004,轴承故障
2024-01-01 09:57:00,device_001,49.59,50.92,0.2528,0.2161,0.3224,轴承故障
2024-01-01 09:58:00,device_001,50.59,51.22,0.2522,0.2436,0.2214,轴承故障
2024-01-01 09:59:00,device_001,50.02,51.09,0.2127,0.26,0.2453,轴承故障
2024-01-01 10:00:00,device_001,49.05,50.57,0.2835,0.421,0.2844,齿轮故障
2024-01-01 10:01:00,device_001,49.35,51.26,0.2431,0.3865,0.2402,齿轮故障
2024-01-01 10:02:00,device_001,49.98,51.69,0.2584,0.2845,0.2331,齿轮故障
2024-01-01 10:03:00,device_001,50.56,50.29,0.2015,0.3192,0.2763,齿轮故障
2024-01-01 10:04:00,device_001,50.66,50.83,0.303,0.3799,0.1776,齿轮故障
2024-01-01 10:05:00,device_001,49.88,51.17,0.3419,0.3095,0.2525,齿轮故障
2024-01-01 10:06:00,device_001,48.85,50.76,0.3464,0.2865,0.2527,齿轮故障
2024-01-01 10:07:00,device_001,50.33,50.93,0.339,0.2829,0.2417,齿轮故障
2024-01-01 10:08:00,device_001,50.43,51.2,0.3124,0.3257,0.2788,齿轮故障
2024-01-01 10:09:00,device_001,49.11,51.71,0.3257,0.329,0.2988,齿轮故障
2024-01-01 10:10:00,device_001,49.46,50.8,0.3305,0.2757,0.3215,齿轮故障
2024-01-01 10:11:00,device_001,49.74,50.89,0.3527,0.254,0.2379,齿轮故障
2024-01-01 10:12:00,device_001,50.34,51.01,0.3429,0.2759,0.1952,齿轮故障
2024-01-01 10:13:00,device_001,50.36,52.07,0.3489,0.3011,0.2861,齿轮故障
2024-01-01 10:14:00,device_001,49.58,52.06,0.3574,0.3525,0.232,齿轮故障
2024-01-01 10:15:00,device_001,51.13,51.61,0.372,0.2918,0.2548,齿轮故障
2024-01-01 10:16:00,device_001,50.84,51.31,0.2713,0.2332,0.261,齿轮故障
2024-01-01 10:17:00,device_001,50.41,51.23,0.3983,0.1955,0.2782,齿轮故障
2024-01-01 10:18:00,device_001,49.36,51.65,0.3449,0.2862,0.2422,齿轮故障
2024-01-01 10:19:00,device_001,50.92,51.81,0.3707,0.2604,0.3045,齿轮故障
2024-01-01 10:20:00,device_001,49.95,51.73,0.4114,0.305,0.2568,齿轮故障
2024-01-01 10:21:00,device_001,50.5,50.67,0.3661,0.2771,0.2161,齿轮故障
2024-01-01 10:22:00,device_001,49.75,51.19,0.3284,0.208,0.3114,齿轮故障
2024-01-01 10:23:00,device_001,50.47,51.25,0.3071,0.2961,0.3671,齿轮故障
2024-01-01 10:24:00,device_001,50.12,51.05,0.3534,0.2381,0.3003,齿轮故障
2024-01-01 10:25:00,device_001,50.74,50.42,0.3827,0.254,0.2943,齿轮故障
2024-01-01 10:26:00,device_001,50.35,51.37,0.2565,0.3101,0.3172,齿轮故障
2024-01-01 10:27:00,device_001,50.63,51.88,0.2805,0.2689,0.3095,齿轮故障
2024-01-01 10:28:00,device_001,50.84,50.36,0.3128,0.2261,0.342,齿轮故障
2024-01-01 10:29:00,device_001,50.67,51.08,0.2835,0.2465,0.2931,齿轮故障
2024-01-01 10:30:00,device_001,50.87,51.27,0.1908,0.2371,0.2913,齿轮故障
2024-01-01 10:31:00,device_001,49.65,50.85,0.3065,0.3069,0.349,齿轮故障
2024-01-01 10:32:00,device_001,50.18,51.71,0.2787,0.228,0.2935,齿轮故障
2024-01-01 10:33:00,device_001,49.62,51.3,0.2984,0.2545,0.3259,齿轮故障
2024-01-01 10:34:00,device_001,50.04,51.81,0.2345,0.2924,0.3048,齿轮故障
2024-01-01 10:35:00,device_001,50.15,50.79,0.2624,0.3037,0.3675,齿轮故障
2024-01-01 10:36:00,device_001,51.03,51.8,0.2337,0.2552,0.3172,齿轮故障
2024-01-01 10:37:00,device_001,51.22,50.96,0.3093,0.3082,0.4226,齿轮故障
2024-01-01 10:38:00,device_001,50.37,51.93,0.3607,0.2521,0.2885,齿轮故障
2024-01-01 10:39:00,device_001,49.64,51.94,0.1903,0.2664,0.3674,齿轮故障
2024-01-01 10:40:00,device_001,50.69,51.81,0.2711,0.3372,0.3114,齿轮故障
2024-01-01 10:41:00,device_001,50.28,51.23,0.2923,0.3269,0.3665,齿轮故障
2024-01-01 10:42:00,device_001,51.22,51.04,0.3231,0.3568,0.3765,齿轮故障
2024-01-01 10:43:00,device_001,51.54,50.82,0.2332,0.2714,0.374,齿轮故障
2024-01-01 10:44:00,device_001,50.13,52.04,0.3072,0.3336,0.3541,齿轮故障
2024-01-01 10:45:00,device_001,50.18,51.25,0.3011,0.3419,0.3384,齿轮故障
2024-01-01 10:46:00,device_001,50.48,50.68,0.2075,0.392,0.2855,齿轮故障
2024-01-01 10:47:00,device_001,50.8,52.21,0.1998,0.3276,0.3707,齿轮故障
2024-01-01 10:48:00,device_001,50.73,53.15,0.1834,0.3671,0.3223,齿轮故障
2024-01-01 10:49:00,device_001,51.12,51.96,0.2216,0.3381,0.2507,齿轮故障
2024-01-01 10:50:00,device_001,51.05,51.9,0.2776,0.3752,0.3353,齿轮故障
2024-01-01 10:51:00,device_001,50.84,51.32,0.2252,0.3839,0.3734,齿轮故障
2024-01-01 10:52:00,device_001,50.66,51.8,0.2196,0.3866,0.3378,齿轮故障
2024-01-01 10:53:00,device_001,51.77,51.36,0.2433,0.3518,0.3321,齿轮故障
2024-01-01 10:54:00,device_001,50.7,51.37,0.2966,0.3738,0.2646,齿轮故障
2024-01-01 10:55:00,device_001,51.5,52.41,0.2701,0.3501,0.3184,齿轮故障
2024-01-01 10:56:00,device_001,50.41,51.86,0.1823,0.3835,0.2288,齿轮故障
2024-01-01 10:57:00,device_001,51.61,51.69,0.264,0.3243,0.2749,齿轮故障
2024-01-01 10:58:00,device_001,51.58,50.63,0.3278,0.3634,0.2334,齿轮故障
2024-01-01 10:59:00,device_001,50.35,52.72,0.2435,0.3038,0.3226,齿轮故障
2024-01-01 11:00:00,device_001,51.07,51.43,0.2947,0.3084,0.3168,齿轮故障
2024-01-01 11:01:00,device_001,51.45,52.18,0.3054,0.4189,0.2687,齿轮故障
2024-01-01 11:02:00,device_001,50.34,52.15,0.3793,0.3064,0.2505,齿轮故障
2024-01-01 11:03:00,device_001,51.15,51.92,0.2615,0.39,0.3544,齿轮故障
2024-01-01 11:04:00,device_001,51.06,51.51,0.2439,0.353,0.3028,齿轮故障
2024-01-01 11:05:00,device_001,51.21,51.97,0.2872,0.2962,0.2894,齿轮故障
2024-01-01 11:06:00,device_001,51.45,51.22,0.3792,0.3597,0.3098,齿轮故障
2024-01-01 11:07:00,device_001,50.33,51.32,0.3143,0.3533,0.324,齿轮故障
2024-01-01 11:08:00,device_001,51.37,51.9,0.2837,0.3784,0.2124,齿轮故障
2024-01-01 11:09:00,device_001,51.85,51.89,0.3925,0.3522,0.2447,齿轮故障
2024-01-01 11:10:00,device_001,50.79,51.88,0.35,0.3237,0.2262,齿轮故障
2024-01-01 11:11:00,device_001,50.98,52.1,0.2513,0.3343,0.2111,齿轮故障
2024-01-01 11:12:00,device_001,50.5,51.24,0.2679,0.2569,0.2227,齿轮故障
2024-01-01 11:13:00,device_001,52.07,51.83,0.3496,0.3222,0.2575,齿轮故障
2024-01-01 11:14:00,device_001,51.07,51.51,0.403,0.3735,0.1867,齿轮故障
2024-01-01 11:15:00,device_001,50.61,51.99,0.3083,0.3165,0.2271,齿轮故障
2024-01-01 11:16:00,device_001,52.22,52.74,0.3569,0.3324,0.3031,齿轮故障
2024-01-01 11:17:00,device_001,50.87,51.75,0.3525,0.3209,0.2675,齿轮故障
2024-01-01 11:18:00,device_001,50.38,51.77,0.347,0.2786,0.3442,齿轮故障
2024-01-01 11:19:00,device_001,50.49,52.44,0.4095,0.368,0.2529,齿轮故障
2024-01-01 11:20:00,device_001,51.45,52.48,0.3573,0.2688,0.2906,齿轮故障
2024-01-01 11:21:00,device_001,49.95,52.56,0.3535,0.2598,0.3594,齿轮故障
2024-01-01 11:22:00,device_001,50.89,52.03,0.4267,0.2317,0.2601,齿轮故障
2024-01-01 11:23:00,device_001,51.17,52.67,0.3534,0.2099,0.2656,齿轮故障
2024-01-01 11:24:00,device_001,50.96,52.22,0.3598,0.2753,0.2207,齿轮故障
2024-01-01 11:25:00,device_001,51.81,52.4,0.3953,0.2738,0.3407,齿轮故障
2024-01-01 11:26:00,device_001,51.52,52.96,0.3576,0.2499,0.3926,齿轮故障
2024-01-01 11:27:00,device_001,51.75,52.59,0.2821,0.2006,0.3184,齿轮故障
2024-01-01 11:28:00,device_001,51.39,52.01,0.3349,0.3145,0.3394,齿轮故障
2024-01-01 11:29:00,device_001,50.76,52.28,0.2929,0.2347,0.2998,齿轮故障
2024-01-01 11:30:00,device_001,51.11,51.72,0.3155,0.2276,0.2038,齿轮故障
2024-01-01 11:31:00,device_001,52.39,52.91,0.3009,0.251,0.2786,齿轮故障
2024-01-01 11:32:00,device_001,52.23,53.33,0.3174,0.292,0.3366,齿轮故障
2024-01-01 11:33:00,device_001,50.73,52.19,0.3115,0.2341,0.3247,齿轮故障
2024-01-01 11:34:00,device_001,51.36,52.37,0.3033,0.2116,0.3083,齿轮故障
2024-01-01 11:35:00,device_001,50.78,52.91,0.212,0.3024,0.3956,齿轮故障
2024-01-01 11:36:00,device_001,51.29,51.14,0.2768,0.2563,0.3025,齿轮故障
2024-01-01 11:37:00,device_001,51.2,53.22,0.313,0.2249,0.2814,齿轮故障
2024-01-01 11:38:00,device_001,51.31,52.36,0.3015,0.2439,0.3676,齿轮故障
2024-01-01 11:39:00,device_001,52.45,52.89,0.2752,0.2618,0.3343,齿轮故障
2024-01-01 11:40:00,device_001,52.09,52.19,0.2746,0.2752,0.3295,齿轮故障
2024-01-01 11:41:00,device_001,50.83,52.68,0.2663,0.2975,0.3286,齿轮故障
2024-01-01 11:42:00,device_001,52.14,52.09,0.3335,0.2122,0.3673,齿轮故障
2024-01-01 11:43:00,device_001,51.78,52.15,0.2786,0.338,0.2607,齿轮故障
2024-01-01 11:44:00,device_001,51.81,51.31,0.22,0.3569,0.325,齿轮故障
2024-01-01 11:45:00,device_001,50.99,52.48,0.3387,0.2234,0.3047,齿轮故障
2024-01-01 11:46:00,device_001,52.34,53.52,0.2497,0.2521,0.4286,齿轮故障
2024-01-01 11:47:00,device_001,52.4,52.94,0.2197,0.3047,0.3359,齿轮故障
2024-01-01 11:48:00,device_001,51.79,53.35,0.2861,0.2685,0.3945,齿轮故障
2024-01-01 11:49:00,device_001,51.79,52.98,0.3089,0.2719,0.3347,齿轮故障
2024-01-01 11:50:00,device_001,51.38,51.87,0.2639,0.4215,0.2589,齿轮故障
2024-01-01 11:51:00,device_001,51.65,52.99,0.2552,0.3209,0.2766,齿轮故障
2024-01-01 11:52:00,device_001,51.8,52.3,0.1634,0.3774,0.3627,齿轮故障
2024-01-01 11:53:00,device_001,51.72,52.81,0.2953,0.3425,0.356,齿轮故障
2024-01-01 11:54:00,device_001,51.56,53.37,0.2669,0.3448,0.2644,齿轮故障
2024-01-01 11:55:00,device_001,51.87,52.31,0.2307,0.3076,0.2677,齿轮故障
2024-01-01 11:56:00,device_001,52.8,53.41,0.3357,0.294,0.3082,齿轮故障
2024-01-01 11:57:00,device_001,51.11,52.41,0.2252,0.3949,0.2845,齿轮故障
2024-01-01 11:58:00,device_001,52.3,53.07,0.3575,0.288,0.3458,齿轮故障
2024-01-01 11:59:00,device_001,52.36,52.3,0.3094,0.362,0.2814,齿轮故障
2024-01-01 12:00:00,device_001,51.39,52.44,0.3552,0.3496,0.3169,齿轮故障
2024-01-01 12:01:00,device_001,51.42,52.43,0.3208,0.296,0.2643,齿轮故障
2024-01-01 12:02:00,device_001,51.85,52.89,0.2749,0.3657,0.3041,齿轮故障
2024-01-01 12:03:00,device_001,52.21,52.35,0.2755,0.3971,0.3079,齿轮故障
2024-01-01 12:04:00,device_001,51.17,53.04,0.2126,0.3502,0.344,齿轮故障
2024-01-01 12:05:00,device_001,51.4,52.46,0.3272,0.285,0.2391,齿轮故障
2024-01-01 12:06:00,device_001,52.19,52.57,0.2922,0.3745,0.2779,齿轮故障
2024-01-01 12:07:00,device_001,52.04,52.74,0.3215,0.3373,0.2765,齿轮故障
2024-01-01 12:08:00,device_001,51.67,52.83,0.272,0.338,0.2232,齿轮故障
2024-01-01 12:09:00,device_001,51.38,53.06,0.3249,0.3675,0.2363,齿轮故障
2024-01-01 12:10:00,device_001,52.15,53.23,0.3388,0.2995,0.2579,齿轮故障
2024-01-01 12:11:00,device_001,52.15,52.97,0.242,0.335,0.3393,齿轮故障
2024-01-01 12:12:00,device_001,51.8,52.62,0.3445,0.3368,0.2979,齿轮故障
2024-01-01 12:13:00,device_001,51.37,53.36,0.3571,0.3142,0.2636,齿轮故障
2024-01-01 12:14:00,device_001,52.52,53.45,0.2913,0.348,0.2478,齿轮故障
2024-01-01 12:15:00,device_001,52.06,53.06,0.3342,0.358,0.2479,齿轮故障
2024-01-01 12:16:00,device_001,51.48,52.84,0.3501,0.3546,0.2767,齿轮故障
2024-01-01 12:17:00,device_001,51.63,54.3,0.3559,0.3514,0.2483,齿轮故障
2024-01-01 12:18:00,device_001,52.34,53.49,0.3959,0.3377,0.2915,齿轮故障
2024-01-01 12:19:00,device_001,51.93,52.8,0.3619,0.3278,0.2504,齿轮故障
2024-01-01 12:20:00,device_001,52.63,53.83,0.3129,0.2521,0.2568,齿轮故障
2024-01-01 12:21:00,device_001,52.27,52.85,0.4041,0.2979,0.2675,齿轮故障
2024-01-01 12:22:00,device_001,51.41,52.47,0.3611,0.1911,0.3103,齿轮故障
2024-01-01 12:23:00,device_001,52.07,54.77,0.4417,0.2648,0.2696,齿轮故障
2024-01-01 12:24:00,device_001,52.66,54.01,0.2828,0.1966,0.2534,齿轮故障
2024-01-01 12:25:00,device_001,52.47,53.42,0.3895,0.2164,0.1902,齿轮故障
2024-01-01 12:26:00,device_001,52.62,52.78,0.264,0.2669,0.3194,齿轮故障
2024-01-01 12:27:00,device_001,52.14,52.98,0.3359,0.2433,0.2386,齿轮故障
2024-01-01 12:28:00,device_001,51.86,53.48,0.3523,0.2623,0.2577,齿轮故障
2024-01-01 12:29:00,device_001,52.14,52.15,0.3433,0.3107,0.2436,齿轮故障
2024-01-01 12:30:00,device_001,51.96,53.41,0.3826,0.234,0.2798,齿轮故障
2024-01-01 12:31:00,device_001,51.28,53.32,0.4102,0.2619,0.3115,齿轮故障
2024-01-01 12:32:00,device_001,52.44,53.27,0.2918,0.2831,0.3262,齿轮故障
2024-01-01 12:33:00,device_001,52.3,52.81,0.372,0.2766,0.2997,齿轮故障
2024-01-01 12:34:00,device_001,52.81,53.06,0.2839,0.22,0.2553,齿轮故障
2024-01-01 12:35:00,device_001,52.56,52.41,0.2612,0.1682,0.3268,齿轮故障
2024-01-01 12:36:00,device_001,52.26,53.18,0.2637,0.2057,0.3527,齿轮故障
2024-01-01 12:37:00,device_001,52.08,53.51,0.265,0.2616,0.3897,齿轮故障
2024-01-01 12:38:00,device_001,52.66,53.16,0.3057,0.247,0.341,齿轮故障
2024-01-01 12:39:00,device_001,52.22,53.3,0.2989,0.2196,0.3027,齿轮故障
2024-01-01 12:40:00,device_001,51.71,52.6,0.2369,0.2688,0.3099,齿轮故障
2024-01-01 12:41:00,device_001,52.67,53.43,0.2022,0.2921,0.3799,齿轮故障
2024-01-01 12:42:00,device_001,51.93,53.64,0.2421,0.2737,0.2982,齿轮故障
2024-01-01 12:43:00,device_001,51.55,53.25,0.2671,0.258,0.3023,齿轮故障
2024-01-01 12:44:00,device_001,52.26,53.59,0.2663,0.2856,0.3232,齿轮故障
2024-01-01 12:45:00,device_001,53.06,52.89,0.2839,0.3302,0.3691,齿轮故障
2024-01-01 12:46:00,device_001,52.39,53.23,0.3025,0.2307,0.3104,齿轮故障
2024-01-01 12:47:00,device_001,52.31,54.12,0.2733,0.2538,0.3356,齿轮故障
2024-01-01 12:48:00,device_001,52.21,53.17,0.2948,0.2427,0.4108,齿轮故障
2024-01-01 12:49:00,device_001,52.95,54.08,0.235,0.2965,0.287,齿轮故障
2024-01-01 12:50:00,device_001,52.29,53.8,0.3038,0.2632,0.3272,齿轮故障
2024-01-01 12:51:00,device_001,52.49,52.87,0.2745,0.2834,0.3311,齿轮故障
2024-01-01 12:52:00,device_001,52.35,53.19,0.2499,0.3085,0.3207,齿轮故障
2024-01-01 12:53:00,device_001,52.23,53.75,0.3162,0.3274,0.3717,齿轮故障
2024-01-01 12:54:00,device_001,51.91,53.69,0.2065,0.2671,0.2983,齿轮故障
2024-01-01 12:55:00,device_001,53.22,54.1,0.2609,0.269,0.3157,齿轮故障
2024-01-01 12:56:00,device_001,52.79,53.73,0.1788,0.2985,0.3165,齿轮故障
2024-01-01 12:57:00,device_001,52.92,52.56,0.2479,0.3433,0.3483,齿轮故障
2024-01-01 12:58:00,device_001,53.02,53.96,0.2246,0.2644,0.2938,齿轮故障
2024-01-01 12:59:00,device_001,53.19,54.38,0.2878,0.3606,0.3197,齿轮故障
2024-01-01 13:00:00,device_001,52.42,53.63,0.3292,0.3079,0.3641,齿轮故障
2024-01-01 13:01:00,device_001,52.55,54.38,0.2097,0.3709,0.2651,齿轮故障
2024-01-01 13:02:00,device_001,52.02,53.84,0.3101,0.315,0.2297,齿轮故障
2024-01-01 13:03:00,device_001,52.7,53.7,0.2958,0.3876,0.2824,齿轮故障
2024-01-01 13:04:00,device_001,53.69,53.87,0.2644,0.2855,0.2696,齿轮故障
2024-01-01 13:05:00,device_001,52.61,54.26,0.3014,0.3027,0.2825,齿轮故障
2024-01-01 13:06:00,device_001,53.13,54.55,0.3232,0.3796,0.2738,齿轮故障
2024-01-01 13:07:00,device_001,53.0,54.43,0.2392,0.3341,0.2365,齿轮故障
2024-01-01 13:08:00,device_001,53.01,54.44,0.2736,0.2508,0.2473,齿轮故障
2024-01-01 13:09:00,device_001,53.29,54.1,0.3196,0.3332,0.2094,齿轮故障
2024-01-01 13:10:00,device_001,53.11,53.43,0.3949,0.3647,0.2345,齿轮故障
2024-01-01 13:11:00,device_001,52.56,53.82,0.3028,0.3836,0.2627,齿轮故障
2024-01-01 13:12:00,device_001,52.51,54.83,0.3191,0.3663,0.2289,齿轮故障
2024-01-01 13:13:00,device_001,53.08,54.05,0.2462,0.4125,0.3033,齿轮故障
2024-01-01 13:14:00,device_001,52.71,53.36,0.3401,0.3313,0.2649,齿轮故障
2024-01-01 13:15:00,device_001,53.02,54.18,0.3882,0.3463,0.2081,齿轮故障
2024-01-01 13:16:00,device_001,53.62,54.76,0.4602,0.2741,0.2598,齿轮故障
2024-01-01 13:17:00,device_001,51.91,54.23,0.3157,0.3913,0.2195,齿轮故障
2024-01-01 13:18:00,device_001,52.13,53.73,0.2617,0.3395,0.1688,齿轮故障
2024-01-01 13:19:00,device_001,53.0,52.95,0.3306,0.3703,0.2673,齿轮故障
2024-01-01 13:20:00,device_001,54.48,55.98,0.1503,0.1571,0.1295,过热
2024-01-01 13:21:00,device_001,55.38,54.4,0.1406,0.1427,0.1595,过热
2024-01-01 13:22:00,device_001,55.05,55.2,0.1352,0.153,0.1488,过热
2024-01-01 13:23:00,device_001,54.71,55.77,0.1604,0.1422,0.1487,过热
2024-01-01 13:24:00,device_001,56.38,55.23,0.1222,0.1618,0.1398,过热
2024-01-01 13:25:00,device_001,54.91,55.63,0.1461,0.174,0.162,过热
2024-01-01 13:26:00,device_001,55.64,55.27,0.1327,0.1074,0.1379,过热
2024-01-01 13:27:00,device_001,55.71,56.45,0.1467,0.1497,0.1397,过热
2024-01-01 13:28:00,device_001,55.28,56.62,0.1258,0.1545,0.164,过热
2024-01-01 13:29:00,device_001,54.93,56.6,0.1922,0.1484,0.1559,过热
2024-01-01 13:30:00,device_001,54.76,56.31,0.1569,0.1529,0.1347,过热
2024-01-01 13:31:00,device_001,55.34,57.1,0.1567,0.1644,0.1464,过热
2024-01-01 13:32:00,device_001,55.69,56.41,0.1357,0.1548,0.1351,过热
2024-01-01 13:33:00,device_001,54.88,56.37,0.1545,0.1322,0.1658,过热
2024-01-01 13:34:00,device_001,55.62,55.86,0.1269,0.1478,0.1433,过热
2024-01-01 13:35:00,device_001,55.37,56.08,0.1199,0.1442,0.1454,过热
2024-01-01 13:36:00,device_001,55.7,55.9,0.1752,0.1213,0.1697,过热
2024-01-01 13:37:00,device_001,55.21,56.86,0.1512,0.1671,0.1442,过热
2024-01-01 13:38:00,device_001,54.7,57.21,0.1483,0.1533,0.1685,过热
2024-01-01 13:39:00,device_001,54.76,56.74,0.1412,0.148,0.1511,过热
2024-01-01 13:40:00,device_001,54.5,55.93,0.1703,0.1633,0.1491,过热
2024-01-01 13:41:00,device_001,55.57,56.24,0.1703,0.147,0.1535,过热
2024-01-01 13:42:00,device_001,56.13,55.97,0.1734,0.127,0.1744,过热
2024-01-01 13:43:00,device_001,55.24,56.31,0.1216,0.1432,0.1344,过热
2024-01-01 13:44:00,device_001,55.12,56.4,0.1644,0.1531,0.1546,过热
2024-01-01 13:45:00,device_001,54.84,55.97,0.177,0.139,0.1748,过热
2024-01-01 13:46:00,device_001,55.37,56.52,0.1661,0.1691,0.1483,过热
2024-01-01 13:47:00,device_001,55.31,56.51,0.1551,0.1634,0.1501,过热
2024-01-01 13:48:00,device_001,55.93,57.54,0.1557,0.1547,0.1272,过热
2024-01-01 13:49:00,device_001,54.0,56.81,0.1486,0.1423,0.1537,过热
2024-01-01 13:50:00,device_001,55.56,57.28,0.1513,0.1388,0.1649,过热
2024-01-01 13:51:00,device_001,55.49,56.94,0.1428,0.1403,0.1513,过热
2024-01-01 13:52:00,device_001,55.65,56.93,0.146,0.1225,0.1435,过热
2024-01-01 13:53:00,device_001,56.14,56.48,0.1463,0.1648,0.1393,过热
2024-01-01 13:54:00,device_001,54.75,56.58,0.1427,0.1355,0.1474,过热
2024-01-01 13:55:00,device_001,55.99,56.69,0.1546,0.1772,0.1449,过热
2024-01-01 13:56:00,device_001,55.89,56.41,0.1373,0.1412,0.1428,过热
2024-01-01 13:57:00,device_001,55.96,58.15,0.1393,0.1438,0.1491,过热
2024-01-01 13:58:00,device_001,56.0,56.92,0.1693,0.1136,0.1142,过热
2024-01-01 13:59:00,device_001,55.48,57.44,0.1265,0.1049,0.1586,过热
2024-01-01 14:00:00,device_001,55.95,56.15,0.1352,0.1355,0.1517,过热
2024-01-01 14:01:00,device_001,55.44,57.12,0.1072,0.1371,0.1331,过热
2024-01-01 14:02:00,device_001,55.69,56.52,0.162,0.1221,0.1507,过热
2024-01-01 14:03:00,device_001,56.2,57.97,0.1428,0.1549,0.1229,过热
2024-01-01 14:04:00,device_001,54.44,57.39,0.1499,0.1677,0.1294,过热
2024-01-01 14:05:00,device_001,56.21,58.02,0.1563,0.1541,0.1501,过热
2024-01-01 14:06:00,device_001,54.98,57.73,0.1408,0.1576,0.1266,过热
2024-01-01 14:07:00,device_001,55.23,57.8,0.1448,0.1718,0.1488,过热
2024-01-01 14:08:00,device_001,54.85,57.5,0.1412,0.1605,0.1504,过热
2024-01-01 14:09:00,device_001,55.05,57.08,0.1829,0.1574,0.1491,过热
2024-01-01 14:10:00,device_001,56.65,57.13,0.1531,0.1336,0.1535,过热
2024-01-01 14:11:00,device_001,56.64,56.52,0.1714,0.1486,0.1367,过热
2024-01-01 14:12:00,device_001,56.64,56.87,0.1614,0.1456,0.1491,过热
2024-01-01 14:13:00,device_001,56.36,57.23,0.1201,0.1332,0.1639,过热
2024-01-01 14:14:00,device_001,56.0,56.77,0.1296,0.1338,0.1197,过热
2024-01-01 14:15:00,device_001,56.04,56.74,0.1355,0.149,0.1555,过热
2024-01-01 14:16:00,device_001,57.38,56.21,0.1674,0.1646,0.1383,过热
2024-01-01 14:17:00,device_001,56.26,56.87,0.1528,0.1726,0.1591,过热
2024-01-01 14:18:00,device_001,56.47,56.9,0.1277,0.1469,0.1681,过热
2024-01-01 14:19:00,device_001,55.26,56.55,0.1519,0.1352,0.1381,过热
2024-01-01 14:20:00,device_001,55.95,56.38,0.1354,0.1606,0.1304,过热
2024-01-01 14:21:00,device_001,55.26,56.84,0.161,0.147,0.143,过热
2024-01-01 14:22:00,device_001,56.27,56.19,0.1574,0.1558,0.1439,过热
2024-01-01 14:23:00,device_001,56.86,56.58,0.1669,0.1523,0.145,过热
2024-01-01 14:24:00,device_001,56.27,57.22,0.1683,0.1338,0.1386,过热
2024-01-01 14:25:00,device_001,56.92,56.94,0.1635,0.1755,0.144,过热
2024-01-01 14:26:00,device_001,56.73,56.63,0.1613,0.153,0.1571,过热
2024-01-01 14:27:00,device_001,55.95,56.34,0.1575,0.119,0.1452,过热
2024-01-01 14:28:00,device_001,56.92,57.48,0.1792,0.1654,0.1402,过热
2024-01-01 14:29:00,device_001,56.4,57.35,0.1263,0.1359,0.1416,过热
2024-01-01 14:30:00,device_001,55.18,57.43,0.1463,0.1249,0.1561,过热
2024-01-01 14:31:00,device_001,56.85,57.56,0.1451,0.1589,0.1602,过热
2024-01-01 14:32:00,device_001,56.62,56.95,0.1541,0.1679,0.1411,过热
2024-01-01 14:33:00,device_001,57.72,57.14,0.1505,0.1399,0.1533,过热
2024-01-01 14:34:00,device_001,55.43,57.15,0.1336,0.152,0.1649,过热
2024-01-01 14:35:00,device_001,56.89,56.08,0.1806,0.1544,0.1384,过热
2024-01-01 14:36:00,device_001,56.61,57.63,0.14,0.153,0.1409,过热
2024-01-01 14:37:00,device_001,56.3,57.13,0.1285,0.1522,0.1588,过热
2024-01-01 14:38:00,device_001,56.87,58.05,0.1549,0.142,0.1626,过热
2024-01-01 14:39:00,device_001,55.77,57.04,0.1355,0.1662,0.1641,过热
2024-01-01 14:40:00,device_001,56.89,58.24,0.1368,0.1552,0.1481,过热
2024-01-01 14:41:00,device_001,57.13,57.55,0.1442,0.1581,0.1631,过热
2024-01-01 14:42:00,device_001,56.24,57.6,0.1341,0.1125,0.153,过热
2024-01-01 14:43:00,device_001,57.03,57.82,0.1208,0.1447,0.1167,过热
2024-01-01 14:44:00,device_001,57.5,57.03,0.1688,0.1642,0.1365,过热
2024-01-01 14:45:00,device_001,56.02,57.91,0.1373,0.1515,0.1428,过热
2024-01-01 14:46:00,device_001,55.65,56.38,0.1534,0.1416,0.1417,过热
2024-01-01 14:47:00,device_001,57.16,58.44,0.1459,0.1449,0.1575,过热
2024-01-01 14:48:00,device_001,55.95,57.89,0.1583,0.1602,0.1209,过热
2024-01-01 14:49:00,device_001,56.32,57.25,0.1515,0.1572,0.1725,过热
2024-01-01 14:50:00,device_001,56.5,57.5,0.1672,0.1544,0.169,过热
2024-01-01 14:51:00,device_001,56.99,57.13,0.13,0.1267,0.1599,过热
2024-01-01 14:52:00,device_001,57.55,58.95,0.1626,0.1674,0.1413,过热
2024-01-01 14:53:00,device_001,56.17,58.37,0.1563,0.1516,0.1558,过热
2024-01-01 14:54:00,device_001,57.07,58.65,0.1694,0.1582,0.1627,过热
2024-01-01 14:55:00,device_001,57.21,57.62,0.1613,0.1291,0.1658,过热
2024-01-01 14:56:00,device_001,56.2,58.09,0.1373,0.1583,0.1495,过热
2024-01-01 14:57:00,device_001,55.98,58.19,0.1413,0.1632,0.15,过热
2024-01-01 14:58:00,device_001,57.2,57.39,0.1412,0.1431,0.1629,过热
2024-01-01 14:59:00,device_001,57.99,57.5,0.1662,0.1175,0.1321,过热
2024-01-01 15:00:00,device_001,56.42,57.19,0.1262,0.1562,0.1468,过热
2024-01-01 15:01:00,device_001,57.25,58.43,0.154,0.1599,0.149,过热
2024-01-01 15:02:00,device_001,56.33,58.67,0.1412,0.136,0.1473,过热
2024-01-01 15:03:00,device_001,56.51,57.81,0.1552,0.1552,0.1365,过热
2024-01-01 15:04:00,device_001,56.79,58.72,0.1574,0.1811,0.1677,过热
2024-01-01 15:05:00,device_001,57.79,57.27,0.1615,0.1492,0.1417,过热
2024-01-01 15:06:00,device_001,57.22,58.69,0.1575,0.1368,0.1611,过热
2024-01-01 15:07:00,device_001,56.76,58.27,0.1454,0.1467,0.1615,过热
2024-01-01 15:08:00,device_001,56.54,59.33,0.1227,0.141,0.1556,过热
2024-01-01 15:09:00,device_001,57.53,58.12,0.1491,0.1562,0.1465,过热
2024-01-01 15:10:00,device_001,58.04,58.7,0.1631,0.1355,0.1488,过热
2024-01-01 15:11:00,device_001,57.04,57.62,0.1554,0.1419,0.1598,过热
2024-01-01 15:12:00,device_001,56.6,59.27,0.1366,0.1533,0.1619,过热
2024-01-01 15:13:00,device_001,56.92,58.77,0.1316,0.1718,0.1502,过热
2024-01-01 15:14:00,device_001,56.92,58.1,0.1621,0.1412,0.1388,过热
2024-01-01 15:15:00,device_001,57.17,57.59,0.1773,0.1415,0.1625,过热
2024-01-01 15:16:00,device_001,57.45,57.73,0.1499,0.1618,0.1472,过热
2024-01-01 15:17:00,device_001,58.06,58.95,0.1638,0.1431,0.1338,过热
2024-01-01 15:18:00,device_001,56.99,58.48,0.1582,0.1174,0.1499,过热
2024-01-01 15:19:00,device_001,57.47,58.21,0.1694,0.1563,0.1697,过热
2024-01-01 15:20:00,device_001,57.27,58.96,0.1745,0.1697,0.1336,过热
2024-01-01 15:21:00,device_001,57.27,58.21,0.1573,0.1603,0.1374,过热
2024-01-01 15:22:00,device_001,57.48,57.23,0.1716,0.1423,0.1508,过热
2024-01-01 15:23:00,device_001,57.27,59.15,0.1074,0.1498,0.1484,过热
2024-01-01 15:24:00,device_001,57.21,59.52,0.1367,0.1616,0.1553,过热
2024-01-01 15:25:00,device_001,58.26,58.1,0.139,0.1664,0.1564,过热
2024-01-01 15:26:00,device_001,56.59,58.2,0.1558,0.1626,0.1398,过热
2024-01-01 15:27:00,device_001,55.79,58.85,0.1317,0.1197,0.1075,过热
2024-01-01 15:28:00,device_001,58.05,58.64,0.1466,0.1708,0.1596,过热
2024-01-01 15:29:00,device_001,58.55,57.74,0.1495,0.1257,0.1466,过热
2024-01-01 15:30:00,device_001,57.45,58.98,0.1507,0.1594,0.1606,过热
2024-01-01 15:31:00,device_001,58.91,58.43,0.1359,0.1537,0.138,过热
2024-01-01 15:32:00,device_001,58.53,58.47,0.1415,0.1429,0.1608,过热
2024-01-01 15:33:00,device_001,57.57,58.27,0.175,0.1372,0.1505,过热
2024-01-01 15:34:00,device_001,58.07,57.7,0.1572,0.1342,0.1623,过热
2024-01-01 15:35:00,device_001,57.12,59.12,0.1666,0.1629,0.1538,过热
2024-01-01 15:36:00,device_001,57.58,58.37,0.1721,0.1395,0.1344,过热
2024-01-01 15:37:00,device_001,58.14,58.26,0.1357,0.1283,0.1428,过热
2024-01-01 15:38:00,device_001,57.71,58.91,0.1643,0.1579,0.1471,过热
2024-01-01 15:39:00,device_001,57.66,59.09,0.1691,0.1519,0.143,过热
2024-01-01 15:40:00,device_001,57.2,57.93,0.16,0.1587,0.1587,过热
2024-01-01 15:41:00,device_001,57.74,59.66,0.1427,0.1643,0.1494,过热
2024-01-01 15:42:00,device_001,57.47,59.2,0.1561,0.1554,0.1512,过热
2024-01-01 15:43:00,device_001,57.84,60.29,0.1678,0.1608,0.1517,过热
2024-01-01 15:44:00,device_001,58.48,59.19,0.1504,0.1454,0.1488,过热
2024-01-01 15:45:00,device_001,56.0,59.03,0.1427,0.1739,0.1503,过热
2024-01-01 15:46:00,device_001,57.21,58.89,0.1343,0.1571,0.1544,过热
2024-01-01 15:47:00,device_001,58.51,58.47,0.1505,0.1295,0.1605,过热
2024-01-01 15:48:00,device_001,58.27,59.26,0.15,0.1562,0.1741,过热
2024-01-01 15:49:00,device_001,57.81,59.06,0.1337,0.137,0.1515,过热
2024-01-01 15:50:00,device_001,47.39,47.91,0.1941,0.1519,0.1493,不平衡
2024-01-01 15:51:00,device_001,47.1,47.48,0.232,0.1467,0.1744,不平衡
2024-01-01 15:52:00,device_001,46.56,48.23,0.2168,0.1677,0.1401,不平衡
2024-01-01 15:53:00,device_001,47.09,47.59,0.1937,0.1806,0.1759,不平衡
2024-01-01 15:54:00,device_001,47.01,47.66,0.2161,0.1604,0.1136,不平衡
2024-01-01 15:55:00,device_001,47.27,47.99,0.2301,0.1381,0.0965,不平衡
2024-01-01 15:56:00,device_001,47.1,48.1,0.1577,0.1404,0.2151,不平衡
2024-01-01 15:57:00,device_001,46.89,48.26,0.1837,0.1182,0.1566,不平衡
2024-01-01 15:58:00,device_001,46.91,47.86,0.1971,0.1653,0.157,不平衡
2024-01-01 15:59:00,device_001,46.56,48.17,0.1513,0.119,0.1748,不平衡
2024-01-01 16:00:00,device_001,47.18,47.98,0.1651,0.1458,0.1547,不平衡
2024-01-01 16:01:00,device_001,46.44,47.74,0.2163,0.1885,0.1516,不平衡
2024-01-01 16:02:00,device_001,47.26,47.33,0.2165,0.1439,0.1661,不平衡
2024-01-01 16:03:00,device_001,46.91,48.46,0.1781,0.1726,0.1544,不平衡
2024-01-01 16:04:00,device_001,46.94,47.94,0.1789,0.1597,0.1587,不平衡
2024-01-01 16:05:00,device_001,47.08,48.03,0.2199,0.1785,0.139,不平衡
2024-01-01 16:06:00,device_001,47.3,47.58,0.2147,0.1724,0.1218,不平衡
2024-01-01 16:07:00,device_001,47.03,47.84,0.181,0.187,0.1469,不平衡
2024-01-01 16:08:00,device_001,46.72,48.03,0.2171,0.1572,0.1833,不平衡
2024-01-01 16:09:00,device_001,47.19,47.24,0.1868,0.1488,0.1696,不平衡
2024-01-01 16:10:00,device_001,46.08,48.89,0.2133,0.163,0.1836,不平衡
2024-01-01 16:11:00,device_001,47.82,48.3,0.2237,0.1626,0.1572,不平衡
2024-01-01 16:12:00,device_001,46.83,47.71,0.1828,0.133,0.1585,不平衡
2024-01-01 16:13:00,device_001,46.41,48.07,0.1991,0.1629,0.1496,不平衡
2024-01-01 16:14:00,device_001,48.08,48.48,0.1689,0.1647,0.1478,不平衡
2024-01-01 16:15:00,device_001,46.64,47.53,0.2108,0.1464,0.1794,不平衡
2024-01-01 16:16:00,device_001,47.35,48.48,0.1787,0.1695,0.1726,不平衡
2024-01-01 16:17:00,device_001,46.83,47.73,0.2402,0.1645,0.1727,不平衡
2024-01-01 16:18:00,device_001,46.71,47.57,0.1858,0.1575,0.1387,不平衡
2024-01-01 16:19:00,device_001,47.0,47.41,0.172,0.1734,0.1721,不平衡
2024-01-01 16:20:00,device_001,46.86,47.64,0.1743,0.1525,0.1729,不平衡
2024-01-01 16:21:00,device_001,47.32,47.83,0.1712,0.1654,0.1435,不平衡
2024-01-01 16:22:00,device_001,46.82,48.46,0.2207,0.1632,0.1346,不平衡
2024-01-01 16:23:00,device_001,47.07,48.37,0.1906,0.187,0.1859,不平衡
2024-01-01 16:24:00,device_001,47.58,48.11,0.2147,0.1883,0.1689,不平衡
2024-01-01 16:25:00,device_001,46.82,47.84,0.206,0.1342,0.1571,不平衡
2024-01-01 16:26:00,device_001,47.38,47.23,0.2384,0.1824,0.1508,不平衡
2024-01-01 16:27:00,device_001,47.19,48.0,0.2307,0.1797,0.132,不平衡
2024-01-01 16:28:00,device_001,47.21,47.93,0.2021,0.1454,0.195,不平衡
2024-01-01 16:29:00,device_001,47.36,47.74,0.1666,0.1523,0.1687,不平衡
2024-01-01 16:30:00,device_001,47.08,48.44,0.2197,0.1794,0.1665,不平衡
2024-01-01 16:31:00,device_001,46.51,47.93,0.2265,0.159,0.1701,不平衡
2024-01-01 16:32:00,device_001,46.89,47.64,0.1969,0.1662,0.1469,不平衡
2024-01-01 16:33:00,device_001,46.92,47.67,0.228,0.1541,0.1891,不平衡
2024-01-01 16:34:00,device_001,47.54,47.97,0.1748,0.1183,0.1306,不平衡
2024-01-01 16:35:00,device_001,46.52,48.48,0.2029,0.1678,0.1156,不平衡
2024-01-01 16:36:00,device_001,46.58,48.31,0.2072,0.1571,0.1713,不平衡
2024-01-01 16:37:00,device_001,47.57,47.92,0.2017,0.1639,0.2078,不平衡
2024-01-01 16:38:00,device_001,46.27,48.24,0.1971,0.1713,0.1469,不平衡
2024-01-01 16:39:00,device_001,46.98,48.25,0.2778,0.1762,0.143,不平衡
2024-01-01 16:40:00,device_001,46.85,47.84,0.1551,0.1534,0.1747,不平衡
2024-01-01 16:41:00,device_001,46.55,48.37,0.2122,0.1453,0.1572,不平衡
2024-01-01 16:42:00,device_001,47.56,48.26,0.2002,0.1552,0.1615,不平衡
2024-01-01 16:43:00,device_001,46.82,47.26,0.2511,0.1631,0.168,不平衡
2024-01-01 16:44:00,device_001,46.98,47.74,0.1954,0.128,0.2055,不平衡
2024-01-01 16:45:00,device_001,46.57,47.64,0.189,0.1858,0.1603,不平衡
2024-01-01 16:46:00,device_001,46.57,48.44,0.2183,0.1708,0.1743,不平衡
2024-01-01 16:47:00,device_001,47.84,48.76,0.1828,0.1925,0.1677,不平衡
2024-01-01 16:48:00,device_001,47.17,47.41,0.1957,0.1437,0.1766,不平衡
2024-01-01 16:49:00,device_001,47.37,47.27,0.1994,0.1824,0.1563,不平衡
2024-01-01 16:50:00,device_001,47.26,48.12,0.2085,0.1546,0.1357,不平衡
2024-01-01 16:51:00,device_001,46.61,48.25,0.2005,0.1572,0.1515,不平衡
2024-01-01 16:52:00,device_001,46.89,48.37,0.1916,0.1332,0.1749,不平衡
2024-01-01 16:53:00,device_001,46.93,48.01,0.2402,0.1596,0.1658,不平衡
2024-01-01 16:54:00,device_001,46.59,47.92,0.2152,0.1289,0.164,不平衡
2024-01-01 16:55:00,device_001,47.04,48.01,0.2259,0.1667,0.1896,不平衡
2024-01-01 16:56:00,device_001,46.65,48.05,0.2021,0.1386,0.1791,不平衡
2024-01-01 16:57:00,device_001,47.81,47.99,0.2126,0.1617,0.1457,不平衡
2024-01-01 16:58:00,device_001,46.36,47.75,0.1652,0.1941,0.1577,不平衡
2024-01-01 16:59:00,device_001,46.88,48.31,0.172,0.1447,0.1614,不平衡
2024-01-01 17:00:00,device_001,47.36,48.18,0.2062,0.1616,0.168,不平衡
2024-01-01 17:01:00,device_001,47.07,47.64,0.2012,0.1385,0.1616,不平衡
2024-01-01 17:02:00,device_001,46.83,48.89,0.199,0.1319,0.1573,不平衡
2024-01-01 17:03:00,device_001,47.18,48.59,0.1853,0.1284,0.1763,不平衡
2024-01-01 17:04:00,device_001,46.52,47.85,0.1936,0.1586,0.1738,不平衡
2024-01-01 17:05:00,device_001,46.76,47.9,0.1996,0.163,0.162,不平衡
2024-01-01 17:06:00,device_001,47.15,48.3,0.2098,0.1691,0.1284,不平衡
2024-01-01 17:07:00,device_001,47.02,48.17,0.2182,0.1462,0.1468,不平衡
2024-01-01 17:08:00,device_001,46.8,48.19,0.2258,0.1519,0.1782,不平衡
2024-01-01 17:09:00,device_001,47.04,47.96,0.1947,0.1749,0.1665,不平衡
2024-01-01 17:10:00,device_001,47.8,47.7,0.213,0.1494,0.1426,不平衡
2024-01-01 17:11:00,device_001,47.0,48.05,0.273,0.1563,0.1374,不平衡
2024-01-01 17:12:00,device_001,47.1,47.27,0.1977,0.1603,0.1759,不平衡
2024-01-01 17:13:00,device_001,47.34,47.82,0.1962,0.1447,0.1374,不平衡
2024-01-01 17:14:00,device_001,47.11,47.55,0.1896,0.1401,0.171,不平衡
2024-01-01 17:15:00,device_001,47.63,47.54,0.1537,0.1575,0.1603,不平衡
2024-01-01 17:16:00,device_001,47.08,47.84,0.195,0.1674,0.1808,不平衡
2024-01-01 17:17:00,device_001,46.32,47.87,0.2053,0.1416,0.1946,不平衡
2024-01-01 17:18:00,device_001,46.78,47.99,0.2139,0.1482,0.1231,不平衡
2024-01-01 17:19:00,device_001,46.85,48.36,0.1916,0.1431,0.1785,不平衡
2024-01-01 17:20:00,device_001,46.88,47.82,0.2037,0.1754,0.2076,不平衡
2024-01-01 17:21:00,device_001,47.29,48.41,0.1874,0.1395,0.1612,不平衡
2024-01-01 17:22:00,device_001,47.04,47.62,0.1956,0.168,0.1672,不平衡
2024-01-01 17:23:00,device_001,47.18,48.1,0.1873,0.1497,0.136,不平衡
2024-01-01 17:24:00,device_001,47.62,48.0,0.1944,0.1414,0.2187,不平衡
2024-01-01 17:25:00,device_001,46.62,47.85,0.2104,0.172,0.1792,不平衡
2024-01-01 17:26:00,device_001,47.63,48.18,0.1736,0.1549,0.1662,不平衡
2024-01-01 17:27:00,device_001,47.72,47.51,0.2301,0.1636,0.1768,不平衡
2024-01-01 17:28:00,device_001,46.96,47.71,0.2188,0.1731,0.1794,不平衡
2024-01-01 17:29:00,device_001,47.0,47.79,0.161,0.1764,0.1685,不平衡
2024-01-01 17:30:00,device_001,46.66,47.81,0.1883,0.1303,0.1436,不平衡
2024-01-01 17:31:00,device_001,46.6,47.86,0.1815,0.1275,0.2005,不平衡
2024-01-01 17:32:00,device_001,47.44,47.73,0.2068,0.1683,0.1838,不平衡
2024-01-01 17:33:00,device_001,46.71,48.38,0.1863,0.1333,0.1745,不平衡
2024-01-01 17:34:00,device_001,47.45,48.91,0.17,0.174,0.1518,不平衡
2024-01-01 17:35:00,device_001,47.27,47.49,0.1684,0.1445,0.1616,不平衡
2024-01-01 17:36:00,device_001,46.78,48.23,0.2257,0.172,0.1924,不平衡
2024-01-01 17:37:00,device_001,47.15,47.57,0.2341,0.1479,0.1782,不平衡
2024-01-01 17:38:00,device_001,47.55,48.16,0.1626,0.1416,0.1865,不平衡
2024-01-01 17:39:00,device_001,46.94,48.03,0.219,0.1739,0.1656,不平衡
2024-01-01 17:40:00,device_001,46.93,47.89,0.2214,0.1711,0.1549,不平衡
2024-01-01 17:41:00,device_001,47.38,47.95,0.1787,0.1448,0.1404,不平衡
2024-01-01 17:42:00,device_001,46.9,48.43,0.1799,0.1638,0.1469,不平衡
2024-01-01 17:43:00,device_001,46.91,47.47,0.1945,0.1561,0.1708,不平衡
2024-01-01 17:44:00,device_001,47.08,47.58,0.2271,0.1642,0.164,不平衡
2024-01-01 17:45:00,device_001,47.0,47.82,0.2054,0.1695,0.1251,不平衡
2024-01-01 17:46:00,device_001,46.81,47.91,0.2064,0.1839,0.1446,不平衡
2024-01-01 17:47:00,device_001,46.83,47.82,0.18,0.1531,0.1754,不平衡
2024-01-01 17:48:00,device_001,46.63,48.15,0.1575,0.1488,0.1534,不平衡
2024-01-01 17:49:00,device_001,47.59,47.9,0.145,0.12,0.1607,不平衡
2024-01-01 17:50:00,device_001,47.21,48.13,0.2042,0.1832,0.1492,不平衡
2024-01-01 17:51:00,device_001,47.31,47.43,0.1774,0.1239,0.1545,不平衡
2024-01-01 17:52:00,device_001,46.98,48.04,0.2015,0.1414,0.1562,不平衡
2024-01-01 17:53:00,device_001,46.48,48.48,0.1924,0.1502,0.1918,不平衡
2024-01-01 17:54:00,device_001,46.57,47.61,0.1726,0.1586,0.1686,不平衡
2024-01-01 17:55:00,device_001,47.26,48.9,0.1438,0.1722,0.1489,不平衡
2024-01-01 17:56:00,device_001,46.79,47.78,0.1773,0.1937,0.1768,不平衡
2024-01-01 17:57:00,device_001,47.01,48.47,0.1622,0.1334,0.1164,不平衡
2024-01-01 17:58:00,device_001,46.76,48.06,0.2026,0.163,0.1318,不平衡
2024-01-01 17:59:00,device_001,47.28,48.08,0.2183,0.1221,0.1662,不平衡
2024-01-01 18:00:00,device_001,46.58,47.86,0.2134,0.1618,0.143,不平衡
2024-01-01 18:01:00,device_001,47.0,47.46,0.2288,0.1559,0.1824,不平衡
2024-01-01 18:02:00,device_001,46.82,47.82,0.1809,0.1775,0.1458,不平衡
2024-01-01 18:03:00,device_001,47.23,47.87,0.1506,0.1486,0.1364,不平衡
2024-01-01 18:04:00,device_001,47.01,47.58,0.2231,0.1582,0.1564,不平衡
2024-01-01 18:05:00,device_001,47.23,48.34,0.1995,0.1446,0.1245,不平衡
2024-01-01 18:06:00,device_001,46.76,47.78,0.2027,0.1531,0.1738,不平衡
2024-01-01 18:07:00,device_001,46.79,47.98,0.2296,0.1668,0.1588,不平衡
2024-01-01 18:08:00,device_001,46.79,47.78,0.1787,0.1492,0.1751,不平衡
2024-01-01 18:09:00,device_001,46.92,47.53,0.2442,0.1664,0.1319,不平衡
2024-01-01 18:10:00,device_001,46.85,48.04,0.2426,0.1378,0.1795,不平衡
2024-01-01 18:11:00,device_001,47.49,47.78,0.1931,0.1393,0.1559,不平衡
2024-01-01 18:12:00,device_001,46.99,48.23,0.2273,0.145,0.1207,不平衡
2024-01-01 18:13:00,device_001,46.99,48.1,0.2062,0.1535,0.1625,不平衡
2024-01-01 18:14:00,device_001,47.53,48.13,0.1907,0.15,0.1566,不平衡
2024-01-01 18:15:00,device_001,47.57,47.94,0.1995,0.1504,0.182,不平衡
2024-01-01 18:16:00,device_001,47.69,48.16,0.2021,0.1607,0.1123,不平衡
2024-01-01 18:17:00,device_001,47.26,48.05,0.2107,0.1458,0.1523,不平衡
2024-01-01 18:18:00,device_001,46.86,48.36,0.1905,0.2017,0.1686,不平衡
2024-01-01 18:19:00,device_001,46.55,47.96,0.1837,0.1161,0.192,不平衡
